employee_first_name,employee_last_name,badge_serial_number
Aldus,Kelly,4180485c-ad12-45d0-a4e9-99b0db7a5f75
Alford,Cooper,d7cfd37c-bddf-41a3-9f2b-390698f443cb
Audrey,Montgomery,3e4c228f-5a7e-4bad-8d09-773dbe3cce4e
Byron,Jones,1867811c-5564-41e8-803a-edcac63c38bb
Reid,Chapman,ddaac01a-7cbd-41bf-8448-34f6196acf2f
Rebecca,Adams,f631fbc4-35f0-4672-9df6-156423bf70d0
Sabrina,Mitchell,e9641a57-3e2e-4b3d-b20f-8403046e6422
Vanessa,Clark,4c8c22d2-6544-4f2a-b301-cf27fa87cf16
Alissa,Clark,199df8a7-a262-49bc-bfe6-d97072df5be9
Dominik,Robinson,a0f8c733-d0f3-4b1a-ab4b-f78151d0cdeb
Carlos,Hawkins,9d223a5b-69aa-48ee-981d-3abb218718ba
Caroline,Crawford,11d71d1f-4125-4a4c-b538-98457f3ea6d2
Brooke,Murphy,6c298508-add4-4d5f-a290-94c6e8ab3692
Ted,Harrison,93dc172d-be32-468f-93f3-33d2e3459eb8
Alberta,Wilson,6a28002a-c7c9-4f8c-bb42-408b88c3c98b
Florrie,Turner,f552adb6-2878-40ff-a718-f4fad660773e
Agata,Richards,07b0f41b-0cf2-4f5d-9e18-dfa2c7ed9e1c
Rafael,Dixon,5b097f99-aec2-4818-a328-457bb45e706e
Alan,Mason,7e6807a8-f3ba-4911-813e-4f6a7d59a0e1
Myra,Riley,cac24b82-feea-4056-b930-ca39f2385a15
Deanna,Stevens,b464ce6f-43ba-40aa-a086-038f97b85c02
Maya,Wilson,14b478fb-f3ab-407f-aa93-5c01b60ac27c
Victor,Murray,ddaa4596-b6cb-4ff6-b260-c8156a098d2b
Rubie,Hunt,aa4eef2d-ec39-4109-b33f-669de86cc324
Blake,Murphy,94024c49-c754-4cbd-a6b1-93a42fdd2042
Savana,Foster,8d9880c2-a691-45c0-a273-edf980b03d98
Jordan,Myers,f17eb203-9663-4707-89f5-5186c0b6ba75
Belinda,Tucker,110a055f-0c3c-4520-b241-c282b871015b
Kirsten,Turner,34542bda-765a-4dfb-8e96-4412730d2eb3
Robert,Taylor,90127d0d-a42e-4da1-ad82-082e0b9a5574
Adrianna,Cole,37b0e504-953d-4a31-974f-be818bce76ff
Alissa,Bailey,e8342702-6f44-4dec-81d8-21b2f9139376
Catherine,Bailey,9923bf00-cffa-454e-88b8-a1242fc05043
Alexander,Kelley,38e5b7c3-5649-4e90-83df-ce55bd93e766
Catherine,Harper,d2935aa1-c14b-4442-be46-691bdad7590f
Carlos,Spencer,64ff1263-9ee1-4e40-8f44-4f878c599917
Amelia,Perry,cb8962b0-0a31-4a8e-b53f-4f9d59fe196f
Aida,Douglas,27a404f3-d4be-404e-a7d1-4dc3b2d2cd7e
Charlotte,Sullivan,45228770-fcde-4170-b99c-92c239d3e330
Naomi,Bailey,db3407f4-6dba-41e2-880e-24cd6792c765
Aiden,Stewart,19b953b3-c758-4e21-9c07-06a28116f4b8
Kristian,Owens,150c6604-d0e7-4cf2-b4fe-7f180d3220bd
Kelsey,Edwards,25f2702e-7392-473c-8903-8423d1f7da65
Richard,Morris,d76cd065-654c-4fbd-b59b-36833b37fe24
Eleanor,Dixon,bbab8ed1-70ca-497f-b0cf-8ecb9786c581
Sydney,Richardson,eba1271d-d930-4bc0-a9a4-c122a9f12258
Stella,Armstrong,743bcd84-1685-4fcf-95fd-590d2c7e21f3
Myra,Kelley,837eb376-2939-48cb-9691-5b142fcc8116
Kristian,Brown,73a3cc87-6ee7-4fd9-85c0-f4356347a5c9
Alberta,,265d2bca-e58b-45bd-85cf-dbc97a0365f0
Chester,Crawford,b70a5646-cb8e-46a1-9da8-fc66bb1d62d5
Julian,Bennett,f050aedc-820b-41fd-860c-ac0624c47fa9
Joyce,Clark,10ad4439-ea12-4f6f-b697-e90a8b07d1e6
Roman,Morrison,74af84f8-2f7f-4673-b72a-2cd48fa48bb5
Stella,Gray,fd154df1-c0a0-47de-ac29-b471b32890fa
Dainton,Hamilton,fae2895e-8c0e-45f7-a919-8f5af0694c74
Elise,West,c6bde780-9b48-4019-a0fb-9b6550186522
Victor,Owens,874294b4-abc2-4221-a4ee-7e898a3a7cad
Olivia,Stewart,053f034d-8e8c-4510-9bb5-d17e11a6783c
Ted,Howard,f5d0c640-9f36-4186-bb94-d91cd6ee7b59
Julia,Murphy,694d5672-a8c3-4b10-aa4a-dce69affd484
Stella,Hamilton,0b114ab0-8f24-4ee3-9568-3a0c9219b87d
Julia,Mason,7d019604-9eaf-4bee-87c8-846910fcf9a8
Olivia,Grant,8d782795-d456-46ec-84c1-4a9d00a22169
Lenny,Williams,17396d53-6ba5-499c-9505-31426779c891
Lyndon,Payne,dac39762-8f83-4a8b-8aec-30643fd8d7a3
Arnold,Adams,e402a77e-d802-435a-8e9a-5e6d89e7ecaf
Olivia,Crawford,71c25614-de64-4e69-b7ad-d864316b2745
Savana,Carter,e4b8f63a-6339-401d-8922-547128114d79
Violet,Spencer,6417a383-1a4d-4e2a-8d78-a5f265416e83
April,Williams,ea20ebc9-6cd9-466f-b05b-7ac10de45c1f
Ted,Kelley,2e82e9e0-c996-4c33-800a-59f38f07b0ca
Tony,Martin,6c181b2a-6194-46e9-be18-44e40fc8f0d2
Alexander,Harper,65f9a5a3-8bb7-415c-b86d-a4da29e5f8e0
Julia,Owens,55138f62-d550-4b72-b5a0-752abc5c4270
Florrie,Davis,09f14ce4-c3e4-4160-af76-20dcc11fae1b
Edwin,Ryan,cf4ca42f-f376-465e-93f2-0a239f01c26b
Eddy,Jones,61267945-289a-4a37-8eac-bbc767825c60
Adison,Sullivan,d79b2c9b-81ef-4bc2-8031-2317b477b7ec
Briony,Kelley,b9cdb4ec-2521-4f35-8c1e-cc62759b7c55
Cherry,Edwards,dadc5ed9-a551-4823-8770-7f7162cfebba
Stuart,Clark,fe4831d7-bd7e-4c03-be5f-4ca9d9d850d7
Vivian,Cooper,36a3548c-e6f4-43d1-9727-eb6e41475d48
Haris,Myers,57a54390-8e3e-4fe2-b0a5-5f945c197429
Emily,Bailey,204f43ad-f34a-4e4f-82b7-4977737e6918
Kevin,Kelley,96ff4643-891f-4baa-9a4e-b7cd11d2d850
Maria,Moore,a185ba3d-9e55-4dcc-bd28-412ca863b037
Heather,Brooks,06076ec4-f379-4541-bed7-77738dae01ed
Aiden,Warren,e4c2f2f4-271e-4cc7-8109-8b3cb81b5769
Dominik,Montgomery,c10a625a-d410-403f-b5fd-cc609dd78cfd
Jacob,Thomas,1c305186-7c6a-450f-a3a1-5ea4c0c1d8c2
Carlos,Holmes,57cbf31e-bb62-474f-ad4b-71b55b10a232
Sofia,Nelson,9525bb64-7384-4d0f-b267-7b3473cc01db
Ada,Owens,e181a6db-00ab-4d35-94b8-3323ef377c72
Agata,Ryan,0895f555-7ac0-431c-b208-bf0e06bfb2e3
Derek,Stewart,660a03ca-6e7c-49c2-bce4-edba49d624fa
Lily,Payne,21985561-3802-44af-9a4a-1f13bf4bd8a2
Adele,Riley,fa6309f0-05ed-4547-b394-5237b7da7338
Lucas,Moore,13677d94-6ab1-4492-891d-28476351cbfb
Nicole,Robinson,8a70a3c4-d0de-4a66-bf02-5342a22effe9
Ada,Craig,85693fa2-c2d9-4e39-9772-5e0049384bf1
Jasmine,Andrews,2ade0800-21eb-4004-a087-bf85ed726f91
Henry,Douglas,9f9ed9aa-43e4-4807-8630-4a908095c8fa
Richard,Taylor,55897a2e-3d20-46e2-bf35-3b47c114207b
Vincent,,b723c1cf-c80b-4981-9c02-8503e4fe88eb
Kate,Gray,34f9a419-bcfd-4e16-92f5-c494b89735a8
Sam,Mitchell,b3d02b2b-6441-4c9e-a3ac-db56e944234f
Alissa,Stewart,00a288b0-bd20-447b-9a87-7c31c597a7a6
Olivia,West,3142b4bc-e282-4a98-9505-f51edeb2d36c
Jared,Bailey,2632823e-2c83-4c8d-9bba-16d73e049349
Stella,Howard,cb00c39d-43d3-4e7b-b388-6d17c78b55ca
Heather,Chapman,7dafbfe6-1340-4768-ae62-e9f4146ae465
Lucas,Murray,5ef86a4c-2ef4-4910-9e83-4265c143252f
Leonardo,Rogers,234d49e6-c173-4262-a918-a6205f362fe4
Ryan,Owens,57539765-c6db-4960-b195-da3c621234eb
Owen,Morrison,f079dbd1-b4ca-4c8a-a4a0-91901892d76d
Ashton,Myers,f18e2ee5-2d92-4e77-82b6-d6f620471dda
Alan,Foster,5e487a04-f867-47e3-96ca-cf64ac2b1a00
Frederick,Scott,6f8cf6d0-9f7f-4ea2-93e8-c93498ad1dcd
Ryan,Mitchell,c2b0827f-b7f0-4d90-a17e-db54e3533487
Alfred,Morgan,e62763c2-16b5-4db2-bfa2-e18b3c901258
Aiden,Richardson,a0790ccf-00ad-4dfb-9adf-fdc8e67dcca5
Sofia,Williams,17f57578-7e3f-4293-938d-53ad1cdd41aa
Michael,Johnston,f948b6b5-6aca-4774-9ba4-934933bf1237
Camila,Williams,83f927e3-f30a-437f-836c-ae1a9bdbb192
Emma,Elliott,ca8d3b49-3204-44e7-9126-ee25d1e530cd
Daryl,Craig,f98c5578-20a2-4107-8261-e22edd34dd35
Daisy,Mitchell,b879238f-7b27-4a6b-ac17-9a12b29cf70f
Natalie,Harrison,dc5bd69c-430d-4902-9bf1-6bdd6db14ff0
Aiden,Carroll,a9d9f0d7-5275-446f-b4a6-a39a26e693ae
Alan,Carter,884b742d-21dc-4310-bebe-426ce086d21b
Stella,Barnes,3f379edf-9836-4b5a-b530-c8f113b23126
Daniel,Howard,b05e8f73-d5c0-49a5-8209-485e0905b456
Aldus,Cameron,c87c5ad8-36f8-44df-8545-673a8f5868ea
Garry,Allen,f915417f-dbd3-45cc-bdc6-432a038a6666
Jared,Clark,55624f6d-178a-45ac-811d-e9d120429b51
Savana,Riley,fd53a1ff-080a-452a-adcf-6ffdc7c5ce7e
Alexander,Allen,abb1f94c-24a2-4b13-803f-d7468df0cc80
Belinda,Ross,bb36acee-dba6-4671-a9bb-21f165112a14
Nicholas,Allen,e6edc611-2525-441d-afc0-2057adfd7c91
Steven,Evans,7a192cc9-4338-4cd8-958b-41c63e1d64b3
Adelaide,Taylor,d652114c-ff62-4d15-90ef-573e509daf89
Edward,Morrison,f280ce10-7f85-4bf7-acc7-cfef2aab9e20
Rosie,Turner,b846bc10-d9bc-4ec2-919f-2fc52b3f1222
Valeria,Roberts,b2c3ee57-ad62-4752-953e-ad1a002a89a9
Byron,Clark,5a30c325-2778-4ad6-a09f-bfa52a0ba91a
Ashton,Morrison,b995b36b-03d7-48a2-9948-c8ccf08d4a8e
,Reed,6bde80a7-fafc-44ea-b2e0-b4ae74a6d734
Violet,Stevens,8d106afe-ad27-42be-b913-b648f1ce86ff
Emma,Payne,a451c988-43a9-45bf-abc2-c36ca2c660fd
John,Davis,1df7b5b2-2f85-4b55-98cf-62ff764d38ff
Agata,Carroll,88b8165b-6c5a-4cac-aeac-59b7bb8e3e91
Abigail,Warren,f494061b-d21e-4661-97eb-e664fd7f500f
Bruce,Edwards,cf5e0398-86d9-48e9-ae5c-0b92d3d889f5
Alina,Carroll,af2e4b60-7ddc-4f58-9b22-df9cc25e933c
Edgar,Hunt,b95db80b-5592-4cd4-82c2-abc5de05e3a8
Naomi,West,1cd74db2-5a7e-4d2e-911a-2f1361d49ab6
Jordan,Campbell,96147c7a-55dd-4167-8bfb-800a314e714f
Madaline,Johnson,5a7649ee-5707-42dd-9825-f030026b02d8
Frederick,Carroll,3ce279c2-ecc3-4769-8629-ba92154a2421
Tess,Johnston,753bf02e-0e10-413d-a9e7-384bb8e8cc4b
Patrick,Tucker,98f8dda6-db49-4a83-9274-58ce01227262
Edith,Adams,1cc7e5ea-9ed9-4631-8305-2a07307288a6
Adrianna,Morrison,bb4c19cf-b8c3-43e4-91df-bd75974fec4c
Jared,Anderson,407a447d-cd0e-4c05-8bad-1000abf20226
Stella,Scott,c569938d-49f0-45ea-8476-f561413d34e2
Heather,Wright,b25cbe13-05a1-40b8-b0d2-c77d82b626ae
Vincent,Moore,d4b26a44-e459-48a5-859c-75fdc5dcab56
Arthur,Perry,ea7cb792-bab0-401d-8a2f-58fdff8fe517
Adrian,Robinson,7b8b1f60-7802-462b-97ff-405f57b613ec
Paul,Bennett,b6ab8c30-6a19-4a9a-bc90-700be99a87ee
Ada,Douglas,b2354f7b-14de-4427-9fd1-2e251e6991b8
Chelsea,Kelly,67cb2565-d1f4-4a36-b2db-7b8d02ecc37e
Sophia,Murray,eb687eca-8587-4aea-a907-3f014c18de5d
Deanna,Adams,1696b188-3368-4147-a356-9ce342557a50
Cherry,Crawford,3d383854-beb1-4848-8860-6050f141b1b4
Lucia,Hamilton,5c0097d6-4834-4e23-a9db-ff0d305738dd
Dominik,Russell,8fca608d-85f9-400d-bd7f-594718ff3155
Madaline,Perry,6a0c93de-a365-4d26-b22d-b41bed8f6a3c
Freddie,Reed,e16bbf93-c660-49b3-8ae6-dddcff343873
Ellia,Williams,fcdd27fa-a510-410e-9e7d-c1a02c9e800a
Kevin,Edwards,4d53b4a9-e8c5-4c2f-b594-4b5e960a64ad
Fiona,Andrews,04e9aa52-adbf-4385-a6dc-fa53d7684ae0
Hailey,Hunt,416ed4be-0a57-484d-aab9-08392e20de5e
Camila,Robinson,541262ec-d51d-49b7-b0fe-71879ccbcc9d
,,56379c6b-a04c-4e4d-bb10-47609608d0ae
Byron,Harrison,d559b197-c16d-4599-96c1-d44414827216
Lyndon,Sullivan,471eec88-d75e-4526-9114-490174ecf86a
Henry,Campbell,9531eaff-07f0-41b2-8122-20456fd14e45
Abraham,Davis,b6f607dc-ed30-4cd6-b736-68d5d8df2ba6
Elian,Hawkins,3839cf31-34ca-4388-a737-4a34e30295f2
Adam,Evans,3f1b9166-bffd-4484-b77e-ca577f8e67df
Adrianna,Evans,67938015-f658-48a1-b6cd-4f04a0224e09
Sawyer,Brown,9f14f153-9ef2-4d1f-a415-2f1f179f3e9b
Adison,Wright,15708c83-1c2e-47b9-9eea-4b6855b9a116
Maya,Riley,780adff0-08d8-48c7-80c2-737bcbc05944
Arthur,Stewart,132c72da-cc4a-4bbe-b3bf-00dfa64d7f85
Justin,West,4fb7962e-8fb7-40f5-899a-c83a1215b41a
Daniel,Turner,7c0b8a75-3f3b-4dbf-9679-69ceef1f8b82
Antony,Anderson,e28dbfca-17d6-496a-a490-e83bb56dd925
Sydney,Robinson,99e5b84f-4096-4d9c-bff4-ab9ed468239a
Alan,Roberts,3ed075d8-d9fa-4dbf-8a66-b2b788a24854
Blake,Evans,4340b7c7-55e5-4876-8dbf-b5611f444903
Sydney,Jones,4f103b45-9dfc-44f4-a529-9dbb3ca153f7
Oliver,Hamilton,df1f146f-e9c3-4b7e-bf05-588637f53af4
Jack,Evans,0d7cbc59-e450-4e78-8155-88507fbcd03e
Paul,Davis,396a732d-a790-4c05-affc-6d623c39c809
Cherry,Wells,18235e75-658d-4277-87c5-1ce41f5a56b9
Garry,Clark,2ca334c9-79d5-4f78-b373-69a2f962bf01
Brianna,Montgomery,e04496cf-4b9f-4352-9d75-3fa3f6d7b586
Amy,Ferguson,6becea62-b00e-4175-acc8-ce443bb54d70
Jack,Gibson,40324429-4e73-4d47-a343-e5c6f0bee5d3
Rebecca,Carroll,d4530d6a-7de3-40e4-8d46-87c9c31b96d0
Briony,Holmes,d5ac0a64-01d7-4a17-9994-928520701ef2
Julia,Perkins,5b94fbc8-c35f-4187-90a9-9afb9f8e42a1
Byron,Wright,46f08538-db82-4058-8f83-135552f696f1
Amanda,Campbell,ea4f61c0-a0f4-420c-997b-3c2b095c5834
Briony,Nelson,84cf3682-17b8-43ad-b588-39740441c880
Isabella,Thomas,9e08bfa1-bf0f-45c8-9aba-453fe33b7c50
Connie,Murray,08050f50-5d46-4285-a057-e8be5241c3a4
Eleanor,Russell,930c1725-a08e-4d86-9537-70cb2d71a769
Anna,Perry,655e92e0-7f72-4411-b62c-4015caf55872
Brianna,Barrett,4fe899e1-bfc4-4940-8da8-86fd7dfc18a6
Maximilian,Campbell,85a30b71-8b58-4e76-98b9-d45bd370aa76
Kelvin,Gray,9590f238-4167-4328-a88a-b690b8d57445
Emma,Cooper,88d859eb-4bbe-4e94-8009-e3d9ab3dffe2
Elise,Roberts,d7fa7549-7223-442f-9f85-dd185d9df695
Emma,Richards,29be4b86-ee9f-4d09-9998-a392f05e7240
Belinda,Smith,18ac0fc2-baac-44d7-947b-7544492db75e
Evelyn,Ellis,e14db179-50b7-4eea-ba8d-0c38ddababef
Sofia,Sullivan,4313416e-3010-48e6-bd61-7bcb55eb9ef0
Honey,Howard,892bea66-4ec6-4af4-aa01-174ae8da0eb8
Sabrina,Turner,3bdd8c18-5310-402c-87b3-c6fd3c428336
Violet,Roberts,f8af1d9d-ccfb-4b0b-ad5a-192e1e13db60
Oliver,Baker,4f592fab-bff4-4124-949d-03b2c9b122ce
Lana,Wright,9efd2c64-9591-4df7-86ed-22399a3432b7
Mary,Johnson,38d09b6f-3ce2-495d-aa4f-1f692f937222
Eddy,Holmes,aa5a25a0-4933-49c9-a7cf-ae5d18869f2b
Miller,Wells,d36d87b1-807c-4704-abac-ad2fd28c9cc6
Adam,Perry,85182c5d-4d2d-45eb-b2ac-5fce8d6b67d7
Catherine,Hawkins,ea699f9a-ba68-44e1-83d1-f3fbf82ebf3b
Steven,Harrison,1a3fb31b-e889-4c5f-98c2-56a6e920d664
Kirsten,Tucker,0bf5224d-f8f6-4d77-bfba-523a406c3570
Alberta,Tucker,bd116652-9ab7-4fb3-9748-1e54334c44fd
Bruce,Grant,19559f20-4266-4c85-a3e8-c9a72b622e99
Heather,Turner,83dde48e-be7a-4813-8f68-cfe0508e3cb2
Melissa,Barnes,bc78d7e6-c14d-4bf6-ac15-aca8b69388a6
Briony,Douglas,9f066d8d-93f4-43ce-b533-5413f8423245
Carl,Murray,59b6a0f0-4955-43a2-a4ef-bb5e1013801e
Valeria,Chapman,c90f00a6-bd78-4866-82a3-80b1c3be4bde
Robert,Harris,3f7f88a9-bf8b-4a98-ab76-7ddf68b4fa55
Stella,Riley,10f873ee-06da-49b5-903a-f938583c97cf
Cherry,Higgins,7cd00f95-dc70-4c96-b742-293762dca764
Kelsey,Mitchell,0e129d2f-8b08-4002-9905-a10ff9bf609a
Belinda,Johnson,e041d60a-ff70-4590-96b0-cf60287fdf34
Evelyn,Hunt,1172f1e6-5ec0-4e9f-959d-bfd040e9b8f7
Jessica,Ryan,3d2b9b27-d907-4474-b902-04e7322fb1eb
Kristian,Taylor,662439d4-2554-4095-bf72-a4d69e40490f
Aston,Allen,d6aface0-45c8-4b38-9798-1340440b67dd
Adam,Fowler,428168d9-7506-425b-a8b4-60091dc7fb30
Edgar,Lloyd,15c461d2-819e-49b7-96ee-0a2089c8733b
Arianna,Tucker,096b0a9b-bb0c-456a-bc8b-e554cb1b6fee
Amber,Higgins,69830051-e03a-4578-aca6-7611558b6ce9
Nicole,Riley,126a09f1-12a0-451b-a73c-771318f9a780
Julian,Kelly,46d3e5d0-3883-4c45-8742-c6acc4e61e3d
Arnold,Barrett,c335a659-601c-4d15-9c09-222dd7c68681
Jenna,Dixon,d613c940-2d2d-4b00-b10c-1c7b69df43e3
Lenny,Casey,16f7c6ab-855f-4eca-95b4-06b6ba39a4a4
Jacob,Ellis,56cbbcc3-9a88-4f01-8fad-1dbb7312c5ad
Deanna,Casey,0342312c-68ba-4a29-970e-7a36d00bfbd3
Darcy,Campbell,fa190982-2937-4c55-9bf4-9aed1e3969be
Daisy,Sullivan,48c7708e-290f-4430-8010-ed1c6e086fd6
Albert,Wells,598a8077-3d05-4772-ab76-d4b83ea0f4f7
Daniel,Chapman,e449e8d2-1b43-4c97-9d81-7c692b82605f
Albert,Carter,88148c70-ef70-46df-83a9-441ca02bd9ce
Roman,Dixon,272c3af5-ebd1-4702-8f78-e7c9ddf7a2b1
Kevin,Phillips,0c6458c8-92cc-4761-baec-3c361e28c10a
Miller,Smith,9e6f24a2-3191-4900-bf79-fbb40d4d9048
Reid,Douglas,601af4c6-bb9b-4c1d-88c3-005fe6f8051f
Julian,Turner,db981593-5de7-425c-b6c6-031459abcc77
Stuart,Ferguson,d2c3d9a6-5afd-4204-a25a-75df39adec7a
Antony,Baker,cb0d8516-9d3a-4b1c-8652-bbb370aeb8d0
William,Clark,adae30aa-e369-40a2-9d58-e3c53785d0b7
Clark,Spencer,1798592c-402b-4141-9c1a-f7b0429098a8
Jasmine,Johnson,0ce67cd6-b8b3-4559-a205-2bca3780de17
Lucy,Allen,c922abec-388c-446d-a598-eb3493bfea56
Kristian,Mason,7985acf6-7050-42d2-8ad3-e4ce707ea76c
Marcus,Robinson,1823ad40-0349-4c54-b72f-c401cd73aeb1
Valeria,Craig,e8793ccf-09e6-430f-ba3f-9f1a5cac11b6
Grace,Foster,422daee4-40ce-4833-970a-0f2bed969385
April,Evans,41474530-0882-4bc9-94d5-300ea1272603
Tyler,Murphy,d1817d94-b17d-4d71-b459-b1b073793e7d
Justin,Davis,439223a6-18ba-4f03-b771-286e4cb322d4
Rafael,Cooper,a70c0cf9-8c23-49d0-8c3d-81b3b485b819
Martin,Adams,00367e58-686f-4a95-9c60-9c63aeac5279
Aldus,Holmes,80ed2d67-c8a3-405c-96e0-a467a5ab7740
Arianna,Grant,bc2f9c43-6698-4da4-a3a9-84170ae7c221
James,Anderson,2200fed4-8ee4-49a0-b869-ff922284c6b9
Freddie,Barrett,a1f25d7d-0c94-4cb9-bfb1-07457cf7795e
Lilianna,Carroll,67b83830-c50e-4b65-bed8-04bcfcb2d690
Edgar,Williams,51028c57-aaf0-4c6f-8d36-809877594458
Kirsten,Harrison,365fc40c-7744-434a-96a1-d099d34009fe
Thomas,Howard,9b2bbccf-9d92-4076-ad2b-b697a7a14114
Kirsten,Lloyd,1d31aa76-4dd2-4d63-b0d8-cc734cd5d31b
Belinda,Stevens,69854fc3-2480-48cc-a334-91f183a21732
Rosie,Robinson,81a4cadf-bf88-4c58-bf01-05264180b062
Byron,Cameron,4259f646-68d6-4ee3-9068-41a37b16c57e
Brooke,Smith,49caa3d3-c5c1-4b71-9f68-9ac2f1c16985
Julia,Ferguson,dbfe38fc-8fb3-4f5b-9c80-d0ac1a9abd2a
Kellan,Hunt,98b899d5-f001-46fa-87ef-102b9388e77e
Adrianna,Spencer,355c6830-3992-4f56-80a1-c00b446103e0
William,Brooks,13d762eb-5933-4df1-9909-0888a9e0bbe3
Edith,Harrison,6170c572-33d2-4f87-97cf-ccddf91214c2
Melanie,Ryan,f20a666c-d1bf-4642-a516-8ec6696b10e7
Samantha,Alexander,dc05b87e-3ecb-46bb-97da-d53e7a3c5f3e
Catherine,Sullivan,92789642-53e5-4b7b-a6f9-ebfc5a5a36dd
Byron,Hunt,e54930db-8a88-4ac6-b0b8-5677520c6620
Lydia,Hunt,d0d96870-dd74-48bd-9f64-ac88dd6efa74
Dainton,Dixon,679d3fb3-9054-4121-a8db-d94b692add95
Roman,Sullivan,573949b9-7759-4550-a4f3-b18dde452d5f
Charlotte,Allen,727d7f53-4f16-40e8-a3cf-457b8603dc9c
Alissa,Chapman,4fa60cec-2b69-403f-bde7-2e69e1e4721d
Michael,Wells,857e1e55-38d3-459f-852c-3e136f10dd2c
April,Edwards,60c6c3ef-f8aa-419f-ab8e-8713e7e990bf
Alisa,Fowler,8ad94a84-63d0-4981-81c4-6ae6bf71b730
Catherine,Campbell,43d8f5a9-1888-42ff-b02a-72c9f1570321
Patrick,Adams,72aa5617-81f9-43bf-bc31-889a9f5d6cec
Edward,Armstrong,f8cd21e7-6676-4288-bc35-ebbc2e102a63
Fenton,Robinson,a79b74fa-5e30-4b9c-9da4-35e77e3aa7cb
Tara,Crawford,27601f0f-dfa4-4098-9b6e-46137bba2d71
Ted,Anderson,d957e35e-7c39-4ecf-97a2-2cbb05383d44
Albert,Henderson,743ba9eb-8fdd-4fd5-bf69-386ec0f0a40c
Mike,Sullivan,676d8791-8d39-49ab-b83d-d068c718840d
Owen,Nelson,41949358-01b9-4c3e-8ef5-6e2795a07171
Kelsey,Craig,c2dbb4ba-31fb-4a16-a764-5e850b2af1da
Amy,Richardson,9800b2b4-035d-42f6-80cd-e833b261773d
,,b6cfc1b0-c52a-4a63-bf0c-9a17baa9306b
Owen,Barrett,953ca3a0-de25-430b-96f2-6907b3347321
Maximilian,Evans,f0cff405-94ca-4631-ab2d-3e3062a6519b
Evelyn,Warren,6eb52d81-195f-48d0-a4df-eda0037099a0
Victoria,Higgins,468a1618-8c25-40e6-917b-6eb321c09048
Kelvin,Turner,5ebab4a3-6527-4b03-b248-d0506656cba2
Mike,Thompson,63024b77-5952-4cf0-b4ad-cb0bcef502ee
Evelyn,Smith,e1f04c21-00ad-4e1d-9d42-88c26c3a6263
Arianna,Allen,075c46c3-97a5-4079-9181-35e2f23ef0d0
Thomas,Parker,94b6b0cf-a032-4047-ac5e-e4352e672487
Ryan,Campbell,dca61994-2a0f-4d19-81c6-0d0a0b91cab8
Olivia,Phillips,6d74d072-83c3-437d-85f7-90f12eddec40
Olivia,Williams,b2a82c67-99ff-4609-8444-abbc142094a8
James,Miller,39dbc320-3dfd-4aa7-b9d5-47a8e2dc44f4
Edgar,Mitchell,d2312575-9a03-4c7a-811c-7bd82f74d172
Michelle,Turner,30fe7dd8-47b1-4097-8d25-b1124e4beff4
Kelvin,Cameron,625dc84d-b459-43ae-8727-a5f688db8ae2
Sawyer,Wright,b9e41f58-f1a2-4121-bae7-6d733e3627c8
Audrey,Warren,7476bb8d-8ca4-42dd-8997-4f3c031eba21
Robert,Cameron,ae36ed5d-46b8-4e81-8e31-9938fcea7954
Frederick,Gibson,41a9430b-5a31-47e6-8816-ad4900034a4a
Leonardo,Walker,e4f7a78c-d99e-43e2-be08-f21151c4e462
Sophia,Watson,e78c0634-4eb8-45f6-afe3-a6ccc06b0082
Vincent,Warren,5556dcc4-b4f4-41ee-9044-348f20af5740
Stuart,West,74b154c1-7f03-4adc-a60b-37b3f404c712
Steven,Carroll,23382cdf-d44f-4942-8a29-1cd476836218
Lenny,Hill,3a6373a5-1719-48dc-87bc-ac48a8486103
Ada,Carroll,ec180a79-065f-40af-b44a-67818acd4ead
Darcy,Murray,63e32f11-5b19-42b3-b786-81902ad5798c
Alfred,Turner,41f2aa2d-01ac-4f6b-aeba-a955721a8e26
Spike,Perry,05d072f9-f229-43a4-b400-7bbed475a881
Aston,Perkins,20efdeb5-fa98-4efd-ac0a-4a351c9e5013
Arnold,Brown,4a9a14dc-3944-48f0-9497-00e753c02f03
Kimberly,Hill,029c31ec-b216-4112-97bb-8216f67db406
Edgar,Bennett,f84a3f21-e46a-4a9a-9ddb-1a586b69a8a2
Savana,Walker,d386a176-61aa-4dff-80c8-ce8c37a95a34
Michael,Hill,6d9c6bb5-64da-4e68-a9c9-bd229e9cbd49
Alina,Martin,4356a8dd-a8a5-4913-88ae-99d13dcd30e0
Kelsey,Ferguson,4e5ab10f-206f-4c78-be65-98b6137dfbad
Sofia,Craig,12f9c9ea-82ea-425d-b362-776730928e1f
Kellan,Harrison,73aa35c2-9c33-467b-9998-3cb3cbddcff2
Agata,Andrews,9b5b0943-e28a-40ef-8e1a-689c388098ab
Tara,Reed,127a3325-f3ba-4885-a8f9-3332b66a68fd
Ted,Hunt,2c6341a2-d32c-49a1-aae5-6d470bf5597b
Alford,Williams,b249d83b-0ef5-4107-9083-7a7cb0304243
Preston,Mitchell,6094057c-4ad8-4216-9b92-0a97af49071c
Evelyn,Higgins,f0f19203-575c-4394-ab1a-6f8bfdb88db8
Frederick,West,64b22f93-a4b6-4459-9be2-1f6979161b1e
Jordan,Dixon,34566a64-c5f6-4254-b5f5-196b3d54bbbc
Lydia,Clark,b284f464-13d3-4c44-8483-d18703a8014e
Brooke,Wright,d91d1f12-9f84-41b1-a701-82c9ae09c171
Sabrina,Morrison,c7933fe2-20b8-48b7-8754-82306926c576
Frederick,Miller,51a2cb95-0765-4d3d-9323-2e8c91fe9de6
Maximilian,Adams,aa47ad28-6530-4c8b-8ced-40d813b74983
Elian,Mason,3fd326a7-c03f-47b3-8771-0a1bbfdde211
Brooke,Bailey,0d22aa1c-faa3-431f-bb32-feb04e6b02e8
Victoria,Morris,9021afe1-9d71-4846-945c-843ee61ba56a
Lydia,Robinson,57d7c62c-900b-4a2f-a14e-c7fbcc73da34
Joyce,Roberts,4c94a22b-54d0-4e85-8420-d4e7e6bd47bc
Carlos,Russell,9f01cb0b-b970-4e94-b44b-5e659787af12
Daryl,Wells,14a7ccfa-6868-494c-823a-313b7b55c167
Alissa,Richardson,aa634507-004d-4c11-88c1-924c85174e0f
Jacob,Tucker,73af8e9b-2585-4a89-a699-729cb1ad9550
Sofia,Hall,cbc73f91-f839-4cc4-89de-4b93a1d90f7a
Elian,Adams,750e5e96-5853-4381-b9ec-74e0d51245df
Miller,Stevens,118c0e55-7ad9-4cf4-beea-c2bd0a0c99ef
April,Payne,3573836c-36de-428b-b107-fed075e9f3cb
Paul,Chapman,e8c92111-12ef-4070-8376-155a5c966783
Madaline,Chapman,dfbb8f03-5f6e-41c3-a2c4-d88093fa219d
Arnold,Morris,ed8d2e89-bddb-4975-828c-28936fcd6973
Kevin,Payne,efeef1e2-60f5-4097-a2e6-5da4e012a446
George,Casey,29ddbf50-55c8-46b7-b3be-e9bfa7c9deec
Alen,Reed,96e40eba-04b5-4a8e-aadb-9b5990886e4f
Spike,Foster,70a31e44-c997-4cc0-a585-987f7a6c0cf7
Cadie,Harrison,59a97ea7-9bd4-4e08-b4bd-bdeee60f4efc
Wilson,Rogers,c35b87d0-5bfa-459e-8361-51589c0934a0
Caroline,Owens,40e2dda3-3a95-4a99-8e28-d3005c7ae866
Roland,Ryan,d44f9554-81a6-41d7-a619-2c286ee67c75
Abigail,Hill,95325f59-771c-43f9-9e65-20de1f7c356b
Honey,Riley,084bd0d1-913a-4dc8-92ae-9d7cc3d7e770
Dexter,Watson,c7417aa6-2f60-45e5-baa0-0ebf165d420e
Amber,Thompson,a61f0b8f-1a41-4d2e-83ed-feb7adf1ea85
Amber,Warren,77603040-b860-4519-91e6-020512d7bfcd
Andrew,Ellis,50921352-817a-4250-bd63-dced82c11795
Isabella,Andrews,173329b1-02c3-44b2-8e8d-842f2e55d5d2
Camila,Ross,8fefb590-6275-4fdf-87ac-56c40b45abe9
Tara,Douglas,29b7b1f4-eb51-4260-b43e-2d4531f94de9
Anna,Stewart,2fa63229-c6e9-4df8-9763-0f7242c22311
Stuart,Henderson,282d6149-777d-4e3c-9340-7d3fa5ac9237
Bruce,Carter,fdc91a61-873e-44f9-b913-9da0223b7ca2
Tess,Anderson,ce9c844a-debd-4f42-8aa9-c9396ad0959d
Sam,Holmes,6c32fd24-2d3e-46d6-a88e-e2ba4d76e478
Lily,Mitchell,247ad191-9240-45a8-9254-15775a022b84
Spike,Jones,82aa36a4-8c42-43e5-86ea-816d43d3f53e
Lucia,Mitchell,6557c0a5-d897-403b-8216-db165c0638db
Florrie,Clark,b41294e0-cc46-4889-b9a2-a47e4d0b637c
Tony,Edwards,b6204d20-ef04-4b29-a029-8971207b5a3b
Jared,Henderson,04a960f5-9f55-436d-b448-451e15ae3d28
Frederick,Reed,8a5e9659-bcdd-403f-905e-9ced3d790984
Edith,Wells,9240c085-b714-4809-80e4-a1c594509a16
Violet,Gray,e7861b58-61a2-4104-b199-575c3d727ecd
Lily,Harrison,61a0da6e-fecc-4c5d-9b8e-605e006b4527
Ryan,Johnston,e69382ef-cc17-4030-bcde-4b2e0868a912
Dale,Ellis,19de7e86-a4f8-403d-b4c1-93e150360c08
Justin,Turner,86c9120f-d4cd-4e4f-b5df-3a9199b6c91f
Daisy,Crawford,becd2e7d-13eb-49cf-8fa6-8e44cedec0df
Carl,Morrison,8400f520-f442-43cc-b6e7-e098899aa0ac
Kristian,Smith,d5f4e677-12d8-46dc-b41d-0f029e1b158c
Penelope,Alexander,93443d50-62a1-41e2-9f16-802721b88e18
Briony,Phillips,126300b3-300a-46cf-abbf-27c74abd61f1
Vincent,Barrett,12981d86-73e6-45bc-93c9-c4b1ff034309
Jack,Riley,796ac107-3963-4c3d-93a0-cf4f69c25b58
Ned,Martin,ed1a6ab2-b62b-444a-910f-a2a2f1a08bc4
Eleanor,Hill,d6e43ede-c7cb-4a89-b332-001c2d1510d0
Sam,Sullivan,9f751527-1d16-4fcf-915c-cc2e8dc67dd3
Amelia,Murphy,5ae1590e-e48f-4aa7-b99b-a941df049a28
Alford,Carroll,95be6f77-2879-4afe-82c0-13c2aef87093
Cherry,Morrison,93538a4d-fd5f-4fcc-a983-023551d977b3
Nicole,Bailey,268eb8a8-3078-40b5-8ddc-b83ae3c5c67d
Evelyn,Wells,d00ebadb-80fb-4474-8bd8-ba2aa0b078cf
Kristian,Ellis,3b6c3052-40aa-47fa-9938-b53d7796e163
Brad,Ryan,5b299781-e28d-4027-ace0-6b2b81edf08d
George,Payne,a84e6a82-3cac-419a-b44b-bc754fb83075
Carl,Cole,61565f67-5e5a-4f93-9c0a-d7add29b64ba
Agata,Lloyd,5444a6b3-90dd-4ac4-a3ed-2ff82fb87e6e
Aida,Armstrong,7595402d-71f3-4558-ac56-c9fb96155bf2
Brianna,Kelley,abd7342c-b4bf-4ef4-bd05-d45d40409cdc
Carina,Casey,23edab05-2f27-4d8a-8f08-1216c3882d79
Lenny,Cunningham,5601e909-e44d-4be0-b973-35ffa2d18b4f
Myra,Cole,64e207c9-574c-4026-8601-881b06983970
Oscar,Hall,4fe93a2c-b0f0-4022-a7c3-7fdcc51d7b69
Alissa,Mason,186a0d1c-1d92-44d8-9df2-b6aaff045640
Emily,Stewart,3fd91f5c-c801-41bd-8e00-a2c455f2ef27
Sabrina,Wilson,fb0b4f23-2cac-4e43-9cb1-32ca3f46ed60
Arthur,Johnson,1bd2f35f-89eb-419b-a8be-107fd52508bb
Eddy,Morris,78f00c77-60a3-4fb5-9b7a-b87d1bfb6637
Jacob,Adams,70eac0cf-6f78-4244-bfe8-9e819a5b55cf
Isabella,Turner,83fa87c9-883a-4964-8f18-9f5540d31d7a
Martin,Bennett,b51cbce5-21ea-4043-9938-16f54bbdf019
Nicole,Holmes,86ee1f65-efee-414f-b725-41a74cf37dbb
Derek,Richards,d0d9fbc6-98cb-42cf-964c-9aaf644af52c
Wilson,Warren,f9856d9b-1c81-4c30-9950-bdb565950e90
Amanda,Williams,60c9fd84-da9c-4a81-add1-7cf8638f240b
Olivia,Douglas,e6a4054e-c037-4fcb-807e-3083890b88d8
Florrie,Roberts,0c9407ea-355c-497c-80dc-2b72c2086b12
Caroline,Riley,e6e8ba3a-be1f-4e68-b5dd-5e33b790a174
Gianna,Evans,d4b71453-4999-4804-8272-58348b6a5996
Rubie,Allen,4b222386-53ab-4664-9b69-4617e8e1d68a
Abraham,Roberts,0920fa3d-2d27-49e2-85a8-e5ceae11aa1d
Kelvin,Watson,28c8cda7-6ff0-44ec-890b-209219281fb0
John,Payne,54d3887f-3af3-4744-bb70-533df32393d6
Rebecca,Wright,d423e509-c937-44f0-8012-826e1a3bac48
Belinda,Hamilton,26c7d195-1fed-48e8-aff8-4c24350aa864
Kevin,Ellis,0625836c-2b02-42a0-b443-849b7857992c
Brad,Henderson,adfe7456-846f-44ab-8bf7-1eb0bf9f2fff
Alexander,Owens,66bac458-c911-450a-b053-42f60b9bb9bc
Leonardo,Brown,29379643-e3ca-42bf-9625-c6a173ce977c
Kimberly,Richards,366de32b-2c0d-40a6-8ffe-74d6744f50aa
Ryan,Harris,03db248d-0551-4a90-ad7a-fa2a506618c6
Eric,Phillips,c624172d-d9b0-4ff2-997c-5ef7770e2da4
Ted,West,fafe8b13-77e8-4df7-99b4-2b78fab7a8e7
Alfred,Phillips,29bffc7d-26b9-4fcb-b3e6-92cba46e9b04
Dexter,Kelley,525f6505-71fa-4071-8026-ac847cf9b6d3
Dexter,Ellis,88b3b883-0cc8-4684-8f0f-5b0d2f4196bc
Arnold,Stevens,5ea4a41f-5f89-4654-947d-0037ded876e1
Melanie,Gibson,fc44fe54-e29f-442b-b4b4-af5e8e6b0d5e
Lenny,Harrison,0781edd8-3b88-4fd5-9d74-5890e05d3f91
Carina,Watson,94b94a41-fb78-4ef9-830c-5e78fdb4964d
Luke,Scott,23fb0e24-6b6f-41f1-820e-c412940abb68
Cherry,Elliott,bcf4ddac-b186-4bd6-956e-cb440401b79a
Aida,Riley,2869aaf6-5e74-49f7-9eab-5fc3a75268f0
Joyce,Jones,c9f5d589-2fda-4453-a3ed-4dc8b76b6027
Jacob,Owens,11856f3e-b51b-4914-a088-9eb5b32b4f1b
Cherry,Williams,d2e5ac32-9e86-4ecc-94f1-b861761dd32f
Samantha,Murphy,260c7750-6f0c-40a0-904c-d9b994c17aa4
Amber,Barnes,ed42048e-2b89-4d2c-9b64-2f944e476d78
Brooke,Elliott,63a9cf4d-8921-4ab4-a500-9c93e9c8208f
Ada,Moore,28c0e86e-1638-4dec-b628-7a3c4e99182b
Chester,Ryan,5b2a59c6-6a3d-41d3-a567-9424c47205a5
Garry,Wright,3fa0c5ba-ddc1-4e17-80ed-5bb87f33e604
Hailey,Chapman,50664f67-2a46-43fa-8392-fa5daa5943b5
Natalie,Johnston,0a6fad23-f0f3-48c9-929b-039c16c85822
,Stevens,736819ec-9eae-4575-b6a8-9d6701ca6673
Kimberly,Russell,74cc6fb7-eb16-4730-9b49-d2bc04556f7d
Arnold,Dixon,56fd7b1a-2642-496d-905a-7e61130cb68d
Steven,Mason,76275ae5-bb1e-4f32-b3b6-b26199864856
Spike,Bailey,c653b934-77df-4236-bb0c-467f1559472c
Briony,Craig,1dbd68fa-f25b-4523-acc2-d9fb1f70ed06
Albert,Richards,7b246dc4-f7fa-40a8-b232-2285ec89b30e
Lyndon,Brooks,41f8858f-9228-4d1a-987b-bb0983457e6f
Max,Rogers,7a390c31-508a-401b-b57a-e9c2fbb56d86
Kimberly,Anderson,9ac5a369-e745-4732-bfc3-c7d9416f9610
Ryan,Morgan,13ea8475-2567-4647-a3bd-6aee009ab927
Eddy,Ross,ca1d6465-74fd-4a6d-b2fa-c85f34f77648
Carina,Allen,a3723328-a202-407f-8115-5f680b8c102b
Valeria,Ryan,70b639e4-d312-4c46-88fe-52033a99fb52
Patrick,Henderson,46445e88-1619-43bc-8cf0-396ccbce4660
Arianna,Kelly,5f6bdbbf-08d6-42f2-9a9c-e574f9a19bd6
Melissa,Gray,10b82858-deb9-445a-8cfa-0f70aa18fe1d
Adison,Ross,7a36d4d7-be50-4e86-a518-0d19b19d17df
Deanna,Farrell,54f71b11-8090-43a7-9a66-05eee0e98584
Antony,Rogers,5f2a246f-7513-4b00-8eef-9c74c7c0620c
Adele,Taylor,3314f866-0fb1-4032-8105-e39e66bb8f40
Adele,Cameron,5be373f8-4375-446e-b5bc-258dd92742c6
Abigail,Grant,dc455bbb-ac0f-4446-80e1-523b9b9f20e5
Andrew,Kelly,f5b9e3b2-9b3c-4d2c-96a9-0f352c9bd9b4
Abigail,Miller,86bad9a7-6def-4664-bd0d-9b6f5cc835ae
Lucy,Grant,9248d51a-75ec-4bd9-ba38-99fe685a3cef
Melissa,Ellis,b4ed0a44-892c-43d7-b944-7b69129c48fb
Ryan,Perry,63799c57-7f5d-4703-a530-e0dbdd254d8d
George,Cunningham,846cfb7f-7d18-43d3-bd75-5287ed43715e
Carina,Murray,55bf3449-a257-4513-95b7-aad510fb33a6
James,Hunt,90b563c4-a31c-47ce-94b0-0591b8181ca3
Connie,Watson,cc17ec4a-0fd9-4b50-a650-9bf144ffb4ff
Anna,,5e957119-ddee-4eae-b712-61d60928d701
Brianna,Andrews,bcd20ad8-0460-43b0-be06-7fb6a9ce62d0
Rafael,Wells,64d2be70-74ec-4f8f-84c0-e8ba671cb37f
Jenna,Scott,2f55b42f-f384-4daf-9321-1d49c60da6ec
Adison,Tucker,e12bc22c-0a0a-49ea-8ea1-c5edc1bcd757
Honey,Rogers,5b934e37-ff8e-4ab3-beb8-2c7ab5f36b1c
Darcy,Lloyd,8f6a0883-f52d-4a7c-a9b8-8728ac0e4bab
Preston,Cunningham,0ae08016-4131-487d-b1af-e755e1fb3ef9
Annabella,Cameron,25e4dd7e-29eb-489c-9cc9-9f69a87f59e0
Victor,Adams,9e89665a-2ebc-405a-ab9e-52f374b2c4e2
Blake,Thompson,61e1cd9a-7b57-457c-a358-35713c6a9a55
Jacob,Johnson,bd2fac5a-d45b-417a-87b4-baae51a47941
Dominik,Bailey,dc4c9f44-d52f-4f17-9839-4cf49ec120dc
Lenny,Carroll,05a1788d-c977-41c6-993c-f4f8954b5684
Cadie,Mitchell,dacdfe59-7b66-4f3b-8d46-82c106cf0c92
Ashton,Harrison,c3da579c-30f3-4c7a-88aa-01393b1a4a96
Henry,Brown,9f68f7af-2c30-454d-b445-3c8626a49437
Brooke,Roberts,e24e2fb3-f677-4103-952c-a26fd3d7e1d9
Natalie,Parker,ec1818cf-8753-4bbb-ae1f-259f6f96b632
Edith,Watson,324c5594-d433-4d42-a972-339b0cebbba0
Garry,Thomas,b0737baa-10c7-4114-836b-005c6b899b92
Madaline,Gray,737652b6-aa97-40a8-8d7f-57011d9d6bf7
Dexter,Gibson,604a36c6-e5e3-405a-8c17-f91436382c3d
Alisa,Carroll,4eafd0dc-7b55-4368-8997-74a82d814a0f
Tess,Thompson,43336b8f-aed2-4d88-aa8f-0becc0fe30e6
Eddy,Cole,3d137841-ab8c-4310-9eeb-3ab7d11c0e6d
Spike,Howard,dd352c16-58e3-482f-b688-214e803f6f8a
Edward,Thompson,e7da5039-7e29-448d-92a6-5028a8a2ca75
Max,Wilson,c4d5759d-7d17-4a73-a216-6f66f9dae154
Audrey,Wright,c5af6c45-5d3c-4be7-85a6-2d996d967ce6
Martin,Montgomery,79f5814f-59ca-419d-b810-8c701651c74a
Frederick,Hawkins,02597f7d-8724-413a-8fe8-4d1616374a7c
Derek,Lloyd,2560854a-4042-41f9-be50-dc7948eacf7b
Roland,Williams,3205e2b5-04a4-43f5-a211-7df27ec68ae9
Dominik,Harper,942bbd70-47f0-401e-a877-23e01f738a53
Amy,Edwards,faefdb5a-266a-4c0a-8857-37be40724074
Edwin,Cameron,047ba522-caa5-42a4-ad94-f0423c19c394
Marcus,Nelson,02eab8ed-0e26-4635-b3bd-b66f0b305b07
Vincent,Perry,5d4a73d0-ffad-4caa-9c5b-2b4afddec398
Charlotte,Wright,69bef2d1-9547-4dc3-a4d7-91b8221b7022
Roland,Taylor,bf5ae64f-5223-4538-8af5-e732d4590eb2
Charlotte,Perry,ee3de594-9ae5-49a2-8f20-2ccd2fc1abe1
Maria,Elliott,eae9a10b-3da0-43b2-a525-6707fac1c3ed
Vincent,Russell,3875c9d5-b1f4-44c4-b8a4-8748d43bdd77
Alford,Johnston,ae964f14-4343-4f84-86ce-22edc52e9fdd
Adrianna,Sullivan,19cf2c26-9226-49a1-9cc9-5c41764f8a40
Honey,Payne,06adf21c-81ee-47ca-910b-3eecee8a05d4
Ned,Morgan,421b9254-d615-45dd-b9f2-e08df7fe86c2
Vanessa,Brooks,0fcee063-6522-4c1f-8814-e135b4443702
,,719b5789-593e-42a5-8dfa-d94997a251c2
Alfred,Hunt,e609fb00-71a4-4dba-81b5-ce5a8b51806a
Jessica,Phillips,133d6554-1ef5-40dd-8b00-2b533167f599
Anna,Ross,df548849-efd1-48aa-b59d-0fed527b1ab8
Kristian,Ryan,e35d933e-51a8-48b3-8880-a3a507ffd02f
Savana,Ryan,5551417e-3baa-4a61-950e-b4a09a9d7676
Charlotte,Campbell,08304a5e-f8b8-4e89-8a68-b861ac1c752f
Andrew,Hall,737ab39f-3459-4c0a-9052-e616aeafec54
Sydney,Alexander,95599be3-0864-4e76-bfbd-684c5fb6d6a0
Valeria,Moore,a98618c5-bcc9-4794-91ee-3d6738b150c4
Paige,Hawkins,865d4574-563d-43b2-9672-965edd69d57c
Alen,Evans,6dfd70b6-c66c-437f-bd4b-130cd5896222
Hailey,Richards,02b7d0fb-9263-447d-be7a-077bb6c38c09
Camila,Barnes,4352469a-9b0d-49e6-8569-d42e031a0371
Justin,Robinson,f629b92a-0734-4fcb-a38a-eb717fe27e24
Mike,Ellis,90b3085c-4f81-491f-a162-abcd17a8a63a
Daniel,Richardson,f05938ba-6546-428c-adf4-7b128da45f0a
Julia,Gray,8dcf31d1-3acd-4008-9a1e-f4706f8a9715
Reid,Moore,899409da-8ffa-4311-8cc6-cfa39cbae5ae
Savana,Howard,b73a00be-d381-42f2-a068-33f0420d1fab
Kimberly,Fowler,f70df6bf-ebed-4eea-92c3-ee2e51da93f3
Tess,Nelson,f33618b0-33be-4772-a16a-bfd3c4106d49
Michael,Owens,588e81e9-00f3-4ed3-b9b8-8f97e6120dab
Melanie,Mitchell,f4e156a7-a79c-4c28-adb9-5af0f40c0e09
Camila,Smith,f82f6bf1-d149-485b-841e-035bf09fe113
Heather,Casey,763e0669-039d-4a7b-ad77-aaeb9a92b53d
Dominik,Campbell,75f6acd2-a83a-4967-8bf0-328985d7ca88
Michael,West,4eb3d2e8-329d-4b57-b27f-1f97c94c6bd4
Tony,Dixon,f673fc7b-96ea-46c5-9108-5e006b8b5c1c
Ashton,Bailey,f6cd07f2-8aec-4607-b5b3-fa4c716dc0ed
Frederick,Kelley,48ffb1e2-2020-4222-ae8a-850b8db1673b
Carl,Mason,05f82f8c-41bc-493b-9712-886a04b80609
Wilson,Russell,a5541577-1053-4219-8ce5-c96250744349
Emma,Thompson,5249ae29-4f64-471e-9cfa-55f32fbbab26
Eleanor,Cooper,618269db-052c-4932-8625-1351a9c97469
Edward,Parker,edc08052-4c35-4ec2-a561-12bd1f53c776
Lilianna,Cooper,789769bd-2d69-4f92-b157-735b72fcf548
Alen,Miller,640d6c63-1730-4b5d-88be-6bba48bd8442
Chelsea,Rogers,3896b153-c745-4514-90b6-5358a4aaf9d6
Madaline,Campbell,1352f2e8-7347-4d32-aa39-177e70919c68
Florrie,Ross,6da20696-510c-4c70-b64d-6b3b80122518
Carlos,Phillips,a4be94ef-e0c1-42bc-859b-687128d1974d
Savana,Wells,687dc475-1771-4673-8875-a5516deaa1f3
Lana,Barrett,46cf32ff-a76d-42d6-b1a8-d6a55941db62
Sabrina,Walker,1126e074-f16e-43f1-8037-46138f3fe19a
Alen,Johnston,c86cbf35-416e-4814-938c-552337462fdf
Aldus,Carroll,d53cef6a-ad47-4de3-8273-838500eea10c
Julia,Montgomery,9f299352-6a3e-4158-8ac2-00d226ca301d
Walter,Wright,659e9457-6d9f-41b4-9131-eb3874954f87
Sabrina,Douglas,870ed18c-ff6e-4d4e-b399-ef36729be5ce
,Cole,1d197d36-e76c-4a93-a63a-5e9ea455d0bb
Antony,Hamilton,b0f7d980-02ea-4219-ad24-d6d23e4240e1
Maria,Carter,3e498e64-d449-4503-be15-66028c6811af
Julia,Russell,c68bc70c-a767-467f-9c11-afadc8af687f
Honey,Hawkins,ff15f8b9-6355-4ffb-a161-d34d1ab8067e
Eric,Baker,30c7b9a4-9e27-4180-9634-dce6b853a4fd
Lucy,Baker,bafd817a-3f22-4979-9529-c9172e9d9ae0
Kellan,Richardson,6c8718e5-2399-41a4-873b-d8c4d45d2830
Ted,Allen,783482e3-3c2f-4793-885b-00df08bb275e
Arthur,Johnston,2798bf3f-e25b-4396-be61-f5802b2adbea
Edwin,Foster,a1457b6d-0d0a-41bb-b17e-aa78b3fc8bf9
Kate,Myers,f7f76eca-171f-49f8-a492-f2c565549c55
Vanessa,Evans,b7e45fda-41d5-4ae0-9575-b746d0eeba9c
Chester,Kelley,2e9391f0-2672-48af-b784-2ba74563760d
Freddie,Martin,0d9fc48e-3038-40c0-9840-3a24040b734d
Connie,Payne,adb712d0-42cf-4d6a-b986-22bd81ab1379
Lydia,Barrett,d55f3bd7-d90c-42eb-a777-4543306b761e
Caroline,Ross,25366701-5603-493f-95bb-34f6ee14fffd
Adam,Thompson,6455c996-4547-46ff-8676-78ae97813635
Rosie,Mason,568cd28c-fa62-42bd-b730-b913a99649a9
Alexander,Craig,3ca2240f-c8b8-41a1-9dd1-f63259eb5907
Amy,Ellis,4c6cd8a0-06ab-4958-821d-058ab291e0f9
Rebecca,Armstrong,439f05a9-f5ef-4fef-a5af-43ed8cdd6218
Alberta,Perkins,d95b1828-17a9-4e83-b68d-f8a74423072d
Melanie,Grant,35a08daa-5550-4729-9f39-d7cfbe42cea5
Robert,Johnson,6bd0e9f6-45fa-4a83-ae84-5a006f5adeed
Michelle,Spencer,8464353d-0aec-4a78-b875-4cf3b333924f
Rafael,Grant,e7f7aada-53c1-45be-a7c8-0a9596b87374
Hailey,Spencer,5980a77f-5dff-4400-9923-5f848a587665
Brianna,Casey,9b0599cd-49b2-42e2-a9e4-3c3d367ad03e
Alberta,Russell,72a80d92-0ec3-495f-90d8-b8e15e62663b
Sam,Murray,7bd66c34-5e30-4658-9d0b-313d02af93d3
Grace,Thomas,5c2574e5-405b-4450-8063-97d06dc27ee8
Patrick,Murphy,52cc1a2c-ba26-446f-a148-ea94afd90525
Amelia,Cole,d6b3f99e-5902-40e7-a704-173992d77746
Eddy,Farrell,7a616459-9673-42b1-8483-5a3e8c1dd2b9
Stuart,Hunt,adcef390-1225-4ade-91e6-a10896d93853
David,Tucker,dc286256-42ab-470d-ab14-e0c3297a69a0
Natalie,Stevens,1abb9a9b-ceff-45f1-a1d0-b4eb9a754b69
Richard,Thomas,9dd4939b-7cd0-4fcd-ba7a-24b0bd45460c
Deanna,Kelley,4da4591f-1728-4d3c-bb2b-db99c34de9ef
Freddie,Allen,f37606cd-4a46-4c49-b1bf-f35e483cf926
George,Spencer,15229373-7498-4a46-b20c-2ce6ee5c82f8
Vivian,Carter,e03a451d-ef66-4841-8987-871088522754
Maya,Campbell,cab7b563-5eed-455f-853a-b090e2985cc2
Kelsey,Roberts,ce3db24d-47d5-44cc-b5e3-444e5aa349bf
Adrian,Bennett,ddb8348e-d1e3-4a33-9f27-a75b0bbb576b
Julia,Johnson,94e3306a-dc55-41e5-a382-e2eb7bca4ef9
Michelle,Perkins,667187f6-7253-4956-80f4-f8eb55e6825c
Ada,Campbell,ab96b6a6-6737-4484-9dff-0d936545157f
Kevin,Jones,c7a8d20d-5d9a-4522-8dff-50e81aceff59
Antony,Douglas,c5d2fdbf-479e-40ef-b8d5-30940b685855
Arnold,Cameron,ad310b5b-67bc-4c9e-bff1-e9428b0b4019
Annabella,Walker,46244e01-2cbc-4075-9c8a-79391b9b9c70
Kirsten,Stewart,765eba6f-aec1-4631-bc6f-4fc8475254e2
Byron,Fowler,f41d9b48-03d4-4546-bfbd-0566253410fd
Alina,Phillips,25e52a5a-c421-4997-86d8-ed0fcc0081e9
Darcy,Cole,5d4febdf-9a7e-4498-b8cd-7cc33a8949c4
James,Murray,0e7c0213-21b0-4cdc-9638-383db9201cce
Vincent,Thompson,51acb9ec-ffa6-4caf-8680-7bc816dded9c
Penelope,Anderson,e57941f3-2a69-42f8-be7f-728ea2711cc1
Anna,Alexander,1596f156-618b-4b71-aefc-edd92e6bd2ca
,,98bf5f03-5d0c-4c4f-8305-75dcedda2df8
,,7ce486d6-60b3-49f4-90ca-bffe0556754a
Michael,Morgan,07f34e3c-f73d-4114-9ac6-3a4323f7e13e
Charlie,Moore,ef3e3ddb-e882-483b-86cf-06a82936f8f8
Carlos,Cole,befe9a85-ecc9-4d34-89fe-6552aa778a1e
Lana,Kelly,a876a4cb-04fd-46ce-a929-6d05d775d635
Antony,Allen,2b1c8d6e-5af5-4e6b-b407-cabc39d35449
Lucia,Cameron,40efb1a9-bd2b-4a2d-97da-408d004fb04b
Oliver,Cameron,0cf7af0e-3b20-411a-8463-1597228dc77d
Ellia,Ross,b06dc9b6-b6ad-4d72-92ae-bf4e6518a512
Thomas,Morgan,6d1464c3-0bea-4f83-bb8b-b6bba9698a07
Haris,Bailey,06a07cd2-9ceb-47be-bf6b-2a6b6735277d
Ted,Crawford,afbdb097-c604-443a-a713-c745aaf4cbf3
Clark,Murphy,5809f4e4-08ee-4995-91c8-dfd8e2f67610
Jared,Foster,aaf2374d-c445-4dc1-ad5f-ea607b888556
William,Adams,639bcc23-f192-4ffb-942e-28fc91e6afca
Kirsten,Fowler,17d5b04e-624c-4296-a5d4-2a77564e970c
Lilianna,Cameron,a170b591-3df7-421c-a718-fcffd4002010
Caroline,Holmes,371c0840-0cac-4da2-809f-07f9ec89077e
Fiona,Edwards,bb951f37-ef5a-405e-b65d-8985085c559b
Kate,Thomas,c59d12f1-9d87-4fe3-8859-c78fd31f47bd
Carl,Holmes,a7edb088-50af-4378-8442-31febb7ac248
Maddie,Casey,b4705a09-bd6d-43ab-8b83-b027cad4d621
Chelsea,Carter,512d14fd-6346-4140-a268-a7c0162509bb
Darcy,Richardson,291e4845-da1d-4b4d-8395-4e51ea16840d
Miranda,Cooper,44028053-0d9d-4034-b3d2-91147970ab9d
Sophia,Farrell,9ef090d5-9a29-431b-a337-2cdd3b220921
Alissa,Baker,40c03663-aad5-49a7-af0f-ae83b52f7d8b
James,Johnson,f5586a7d-8159-4d5f-b935-6b1a576778f2
Thomas,Harris,2f3877f1-bd18-42a1-bf54-684ee1aadd84
Martin,Martin,5d92af85-fac0-4530-9c6f-603d53afb33a
Sofia,Stevens,917a9aed-e94a-4285-a01c-c50bf30bc374
Charlie,Cunningham,c7c53e3d-ba76-444b-a1c0-8a9d887bd303
Antony,Jones,9f63ca22-fe56-435c-9b2e-ce500d9c96c2
Jessica,Montgomery,704dff28-0432-4fb3-a89f-9010ab8d10ab
Jasmine,Cameron,869ace59-fd0e-4660-b3d5-2f7c58bed45f
Maximilian,Russell,539c522c-bee4-4b6c-b567-45f0a3d9336b
Carl,Moore,6b156b58-1468-4316-8e5d-4ad4a91cd0ce
,Thomas,4e5a5a5d-bae5-467b-a6f4-b69ffb441678
Hailey,Thompson,0f89c24d-4afd-4a46-861b-dc9a847a8eca
Myra,Morrison,1ab23169-8c64-4672-8fab-a868387b2ded
Byron,Smith,2b7f4fc6-da11-41f0-a453-faad3a0b83ab
Connie,Rogers,0513c8de-824d-4658-b567-07381c38d6d9
Cadie,Crawford,1ef1cea0-e4ee-48f8-9448-81a249ba28f1
Henry,Richardson,dc7617c7-2426-4062-8f11-f079b3aff2d8
Chelsea,Adams,dc499bd5-39b4-43b6-8f15-1d50ea094ed5
Alissa,Morgan,b80fd1bf-d88a-4c36-b4ca-cd7e1a49a27b
Kate,Henderson,03836983-f4f4-46ed-9da0-47ce2de36af6
Melissa,Richardson,1d00c143-6146-4f0f-a093-157645a93a31
Alen,Ryan,a1201d20-729b-4739-8a1b-c278d0895b1f
Grace,Hill,bd82dbea-af79-4ce3-9d61-41a377af52b0
Rafael,Thompson,2fe7d1cd-7d91-485a-955f-9478e8d6c456
Aida,Kelley,4e85019b-c8b7-4c43-ab0a-326346046afd
Valeria,Montgomery,9e59d25d-f7c5-4e41-8122-33fbbfb68512
Samantha,Baker,bd11387d-16b7-4f8d-87a4-520dbddfb1be
Deanna,Spencer,45cf1d52-01b2-4682-972a-1bcfa86334cf
Jared,West,8e06987c-3f77-4707-945c-b1d1642d6787
Derek,Martin,e9a6bdfc-1f2b-497c-9cda-02952e18df81
Arnold,,483dffad-2efd-4a41-80aa-e84ffc35c7fc
Miller,Johnson,ab9907a2-af38-4505-9023-b25f9d7356e1
Arnold,Harris,c792e842-ccc3-4bf9-8425-1d32e3ef3182
Rubie,Clark,a6e91a55-b1ab-423c-abca-c7337ef534ac
Madaline,Morrison,b73fd983-de29-4211-9ecc-2f89ce39b9c1
Freddie,Thomas,94749d94-8bd8-4e62-aa7f-8da9363768a4
Ted,Williams,5821aeb5-4b80-4709-a5d1-14b6fd8d94a2
Tony,Brown,ac23cba4-e43e-4eee-aabb-d31b5df83581
Chelsea,Myers,f34f7b2b-8064-4ee4-ae29-60588de86ec4
Miller,Martin,fae26193-16be-43cc-af56-c21055907830
Luke,Kelley,01514f4c-7bf6-4524-83ef-807d3f7814b8
Blake,Johnston,fe69c162-b6dd-420d-96ff-8af86598f895
James,Ross,e7a12e8e-0ce5-4c1e-add8-d2c80ee9aa79
Ada,Brooks,83b7a6b4-61ff-4d51-ad36-fa992e254d71
Wilson,Barrett,8eb51740-4762-4cce-b448-f944b8b27c8c
Ashton,Mason,400df35b-5d41-4f1e-98a8-a2ba0cdae622
Madaline,Murray,211ac2b7-dbf0-4a14-9fd1-51a966b89d8b
Oscar,Wright,d6ef3948-2cfe-48ac-94ec-26153c456da2
Robert,Grant,94c2f484-b50c-4f2b-b7dc-4a0985d667d5
John,Perkins,1708ad76-9f74-43ad-87c9-9656715dac4c
Maya,Alexander,6c1db71f-4801-45b1-a2dd-7afc4a991ed2
Patrick,Foster,5cbe4662-53ac-4aac-8700-db917c1bfda3
Luke,Robinson,09737384-cf0e-46ee-9336-7428f52ef0c5
Maximilian,Fowler,61dc3b92-0ee3-4127-ade9-8c2c30c6e4fe
Samantha,Morrison,ad80c244-fe21-4539-8bba-2830bb5293b0
Arianna,Murphy,1e7a6b3b-4f77-406f-ab5f-2ed3a390f4f0
Daisy,Johnston,76e1d6da-142d-4d5e-9d3c-3aff070b7d37
Dexter,Phillips,1a305472-010c-410a-8e92-1d96f33a60d9
Briony,Hunt,0452eac4-58a5-478c-b000-5aaf87fdfe97
Belinda,Hawkins,44b8e383-afe3-411b-ba3e-d47f6ab0b486
Maximilian,Armstrong,7f86672d-ca00-48fb-8d29-46ae0d8332cf
Antony,Morgan,d664b61c-112b-4c08-8719-d5b645c2867b
Arnold,Walker,6c6f3c31-6522-4045-8955-1231e7816e27
Abigail,Elliott,0b7e8265-8e84-4da7-b290-8a7076d1670a
Sam,Taylor,57a3be60-2653-4e6f-be02-5217cef89695
Ryan,Lloyd,3bf61746-5f53-4f64-ae4e-0d1bb97e8f91
Arianna,Clark,5cb34ffb-e2ea-44d5-95db-e5d83c5e350f
Naomi,Holmes,50736c88-7b57-4815-ad95-9aba797a4add
Elian,Foster,427a8285-d32b-427f-87d5-1aea3ef6d0e4
Freddie,Brooks,fa277696-7cda-4e9f-a69a-e91dcd9a53e6
Anna,Harris,2188f447-8e63-4fda-bba2-1f37f4312a0e
Richard,Cole,f32f147f-cc33-46c8-8e76-db796c6756e2
Miller,Robinson,7de02682-153c-47c0-8f55-c274d0a4e0cf
Arthur,Barrett,3fddfdaa-22c8-4d4e-8096-fbc3e768410e
Edith,Scott,f3c70c38-5935-4493-97df-d77c7b46b0b1
Antony,Morris,e41cdc1b-a014-455d-8218-88ccc1189625
Blake,Chapman,47ad4920-782d-4162-9d16-b3a79da9c739
Lyndon,Chapman,3c926b12-6570-476d-94d5-a0c3d9a06a17
Kelvin,Johnson,58a688f1-33a2-468a-8ef4-9467c564ca1b
Byron,Ross,57e9610e-6542-4599-8935-d87948cdbe25
Nicholas,Spencer,e47d95a0-7393-4b81-96c9-a3428cbec1e8
Michelle,Wright,3227ecb8-e04d-4b91-bc43-71ce00989685
Miley,Foster,90642277-cbcb-4e92-8489-0d1847f4f19d
Abraham,Stewart,94cd8135-28c0-4881-8a09-40392d4cdde7
Amy,Farrell,acc9e43f-acc5-4cd9-a115-4dda813ffad8
Darcy,Ross,58334bf2-c67a-4e03-bcac-8c5750293a60
Honey,Russell,5d1254d6-bbb7-4e69-8787-7a810506bfdc
Amelia,Hall,776e977b-817a-49c4-9bf9-ae4ad07f6c73
Adelaide,Payne,dc255b01-e0c1-4b34-ba8b-06f797a71678
Antony,Brown,6764153e-7237-4da7-8227-613175924dce
Cadie,Brown,8b5ca319-4d99-4f46-9889-303b11b363a9
Maddie,Warren,5715176c-3d61-4e64-8103-0e561fb4eb2e
Roman,Douglas,cce6c0cc-e474-4431-b863-0bddc07f813a
Violet,Reed,49763620-1e87-4fe9-a044-ff0be2b0b204
Abigail,Taylor,86a8afdb-576f-4614-a084-c94c78ce2511
Owen,Ferguson,4858cebb-de2c-4684-9711-c3998be6e8a6
Grace,Bennett,8e64edb0-c14f-4371-9ab3-e197d37d8baf
Antony,Morrison,250ebf41-eba5-47c0-a15e-a25adf3544f5
Justin,Parker,507bee35-f363-4523-82e0-83e022b8d923
Tony,Johnson,05337063-4c0e-43db-8a8f-7659c38d7daf
Aiden,Brooks,464495a3-3544-49fb-8ad1-3aa6182f13df
Abraham,Grant,38e3f65c-0bde-4712-a507-23aaa5e9cb84
Preston,Warren,08cbbdae-36f6-42a9-a2f6-916b215ef9f8
Annabella,Stevens,f09dd2f5-845c-4174-9865-2f0a30d11ecb
Adrianna,Smith,f91bd52a-bfbe-430e-ac4d-c32ebde22fba
Leonardo,Howard,b2c51a5e-7d23-4c7c-89e4-d919b4edb1c3
Byron,Harris,249aa029-6bbd-4cb4-ae80-9dc6473ca6d1
Frederick,Gray,337e136d-f0db-4da8-9edf-dc15dfa0955b
Cadie,Gray,e9421354-e241-4356-8c57-f046ceffa77c
Penelope,Payne,66917f1b-2f81-45f1-8275-c5e5b82f8c76
Spike,Cooper,be31514a-cd8c-4700-b179-4478f9f67028
Dainton,Evans,55d78c9a-8364-482c-ba01-4174ab41babb
Victoria,Cameron,8c3d3365-7cbc-4d04-a36f-6f65337d2898
Kelsey,Bailey,0161b5f6-e945-45ce-a12a-8de3498f6503
Lenny,Cooper,806db61c-2d09-4719-ac93-508d6c01294b
Steven,Stevens,10af7cd4-9820-4baf-8d15-10f296be4fb5
Fiona,Wells,1bfb149c-d6ac-4bbd-86a0-1964655e3d78
Carina,Barnes,6df03a24-056d-4833-8a22-d785ed8aa4f7
Derek,Turner,2dd1a061-5376-40c7-8552-880c46ef7d5e
Miley,Sullivan,56e1d4c1-fe38-4e08-8152-70fb9bf55645
Brianna,Warren,067f7a02-e189-488b-afb6-29af38f5adc1
Vivian,Wells,ef51f9ee-09b2-4e3c-9992-f67b1633a08f
Miller,Cole,3063f03c-8444-4fa2-9bf9-48ff070b2a35
Chester,Robinson,8ba6c927-b7dc-436a-a3a4-c59bf3035ecb
Alford,Harris,653bea1b-ccc2-417f-9e68-10d8d4a9d688
Alen,Craig,bd19e2c8-6611-43fa-b452-1f3d61dd903d
Madaline,Parker,98743f90-72da-4eac-9b21-80708e1152b7
Alexander,Henderson,98c85443-2602-485c-a63b-695ba61c08af
Oliver,Holmes,d167dc28-4fc5-44e2-b2ac-a1faa3eadcd3
Tara,Perry,8e1ee5eb-e19a-4897-8331-52a8182cadc3
Daryl,Reed,d889f121-2de4-4a8f-a216-20f498fd8d89
Fenton,Gray,642fa678-99ab-4ed0-b473-1c12bad194c7
Aiden,Perry,ed451396-066b-4558-96d6-b54b9d7f3c61
Kevin,Spencer,f18fc0ce-d65d-4190-bfe5-d3e01244a480
Tyler,Richards,309fd150-f21c-4fed-b83b-d87f1ffde3ea
Kirsten,Hill,e5008fbd-bee5-4ba8-952a-e8ef612620ed
Anna,Wilson,4db62d1c-6ab3-4755-9bae-f8269617d4c3
Adrianna,Andrews,743dec7b-32fa-45d6-9026-171736fdb867
Savana,Hall,a7d21522-0b66-48ff-b9f1-2842bc5ad221
Daryl,Scott,a4db27c4-ce8f-48fa-92b4-7fa75024df78
Max,Barnes,50c08a5a-e4b5-430c-a697-d25ac12deabb
Daryl,Stewart,41840506-cccd-4083-9898-917658dd9e66
Caroline,Carter,b77c3e98-0f82-4004-8acd-5746957d9281
Ryan,Crawford,733f76c2-cb10-4c20-887e-52a226ababeb
Alisa,Murphy,59843b16-c4d8-43d3-b36d-79a601d0dcba
Charlie,Howard,6135bf4d-dae3-414b-93c1-cc26791ba187
Sabrina,Smith,335130d2-0771-4719-8e1a-160e77c9f1c2
Fiona,Douglas,a823f564-0e02-424e-94ed-799c934528ac
Anna,Gibson,61a1887f-c1a1-42ed-9216-dcc7df4d7f5c
Jordan,Chapman,8a9534dc-2a04-46b2-8b69-0412f634ac26
Alen,Chapman,64b1b564-9fc1-4e6b-b454-66139264f83d
Elise,Hill,6ad1a04e-ba3c-41f1-bfe3-b1cd38b32d0e
Myra,Nelson,51f88278-7339-43d7-b6df-85fc035a3879
Anna,Sullivan,82c26d4a-d93d-4869-aa29-328c84eab9c0
Daisy,Williams,cd9f6e16-0c8d-4b02-b403-218ac8de545b
Owen,Stewart,ca06b3d5-187f-46c9-9686-bf6cec5117ed
Heather,Hawkins,0c37247d-5d42-4006-8d1c-e14d7bf6346c
Brianna,Edwards,ffc2b15b-4853-4216-be18-96d863fc6c1e
Brooke,Foster,b50e29b1-a1bf-41b3-9142-d4a3306265b8
Vincent,Farrell,27e5d9fb-2f50-441f-b9ce-b71973b3c456
Audrey,Allen,456d6c12-969e-4a52-a6f3-38417e4087da
Alan,Cunningham,bc0b6054-26ff-4f53-9623-98602d0ce347
Kate,Rogers,da59dfa1-9b97-4f62-a320-ccda5f0ff530
Aida,Carroll,b13d59f8-4cbf-45a8-962b-f81289a68e10
Sienna,Chapman,fcc54ee8-d857-4556-8314-50d3b1cbf57c
Harold,Barnes,4df48185-0905-450c-a467-5a33f5071061
Belinda,Reed,bdb6f6ea-e639-48cd-a00f-bec59cbba95b
Sawyer,Ross,531b4521-a93f-4512-b930-11ceef64a786
Kirsten,Roberts,6077541f-5880-4d08-afa7-5054d6f3ef5a
Edith,Carroll,9b239680-f306-49a1-b6bf-d616b1b110cd
Harold,Walker,829da706-9b30-4492-9a2c-88930515cdd3
Evelyn,Barrett,a997a2ef-8cb2-49cc-9359-7410e2356d01
Ada,Spencer,2e60f641-8af3-4c4a-b6f8-c84be5345cf4
Patrick,Cameron,0918836e-7acc-4102-b150-9db6aad17e04
Lenny,,72f782d0-c489-4b4f-a529-d8a12d7ee325
George,Wells,b2f9ed4b-a424-4377-a965-6aac72688b8f
Agata,Ross,2a175d2e-87b5-45b1-981c-5a50b33c0bd5
Brianna,Walker,f03700ff-2a23-47d8-8d14-63b056be523c
Robert,Dixon,95617edc-5375-4c26-b6a5-b08568a50d67
Carlos,Ellis,66a7402d-fda2-4261-9a4d-4fcbfe84d28e
Vanessa,Douglas,e916c921-999a-436a-8d2b-a63f2611249c
Charlotte,Hamilton,6b833b56-cae1-474d-9449-d108db043e97
,Roberts,4af3db5f-1841-4224-929a-3a19a494e7ad
Dainton,Perkins,b449f31d-6f73-4338-9da5-f386e5587f34
Maximilian,Mitchell,4907f203-7a78-4024-9bde-888cb5dae002
Carl,Thompson,ed0a1fb9-1bf6-4214-b447-b5ee109c9577
Elian,Johnston,3e3995b7-da29-4083-9319-8092cc873ce6
Ashton,Thompson,f64b4773-acf8-4ee0-b0c6-75c4fe7a80e3
Edgar,Bailey,45a7cb57-2197-484c-830e-eda366447181
Mike,Roberts,29f95ced-c237-4b56-bc64-946e8c78cfff
Patrick,Mitchell,277598b0-234b-49c8-be41-85f585b424b8
Preston,Hall,97982d0e-127f-43d0-bf80-3ca632a2a4d8
Alina,Brown,fb33af17-3ca7-4d97-8114-a35e5dcd10fe
Max,Moore,e8d82b3c-db4a-49e4-83f5-aee151ae1857
Julia,Watson,51d64a20-e9e7-49e4-b699-d0a01d8a5f18
Daryl,Fowler,814fa4d4-cb6e-4873-a9f6-9b26b89f572f
Sofia,Barrett,9f86fb31-4e80-4d6b-bc15-eef3271bf8a4
Patrick,Richards,22986b36-6d83-4635-80e6-e3c691948509
William,Hawkins,d7a0dd1b-5cfe-449d-908f-59fd7649b59e
Daniel,Mason,22f2ecf1-4c12-4d08-99cd-a8616b4bd350
Lydia,Bennett,951696fc-47c7-4532-98c2-ccfb5ace351f
Deanna,Parker,254bee5b-fa41-4ca5-b528-969c702fb1b1
Alfred,Hall,d0ae8518-c7ca-46cb-b5a6-73d73542825a
Nicholas,Brown,bb3c9039-365c-4db7-b3f5-36cf1ab14f0a
,Armstrong,130aea92-db0b-49da-a9fe-867e8e73d7e5
Jessica,Richardson,44989d66-8cd0-4beb-ad38-a0ffa20a9dfc
Maria,Harris,628730c6-25f5-4ca8-b1ce-c89cd1b334a3
Victoria,Owens,4f7d80a5-8ad9-4bf9-bbd3-e3f46fe8641e
Heather,Ryan,6a47cce8-7113-410c-a2c3-ba7a1dc4d833
James,Owens,5279cab2-e6af-45f4-8527-d2abca48dbf5
Connie,Wilson,ece53a05-19d9-4684-ba10-e29d0febcba6
Alfred,Johnston,c42570be-6d80-486d-85dd-772afaa4cdd5
Lenny,Bailey,adcc89ce-8643-48eb-8692-06f8471e28c0
Alan,Harris,399c16a9-a597-46b6-9a3e-bae35bd23fa1
Rafael,Walker,ee03d590-dc6a-4071-90de-17d589382ab0
Eddy,Barnes,e3eca456-3cbd-4ad7-a7d6-bd8cebaf4dc5
Amelia,Crawford,a1f69432-b48a-4dd1-9191-e29aa022d47f
Sydney,Perkins,faaa09f9-cf8a-4a18-a74a-94475a58e592
Belinda,Montgomery,0d071a2f-51df-45ed-ad6f-512758361c55
Dale,Sullivan,1f20c5eb-ec97-456f-8e45-d2ebfce87c06
Isabella,Kelly,4ea5633c-851f-4bbe-9213-e8142fabce73
Kelvin,Harper,2eaf8659-59fa-4e5f-9f85-436f2e0e863d
Kellan,Brown,5edd55c9-9419-49e9-a0d6-2007d371a6c6
Jack,Walker,516c373d-bb5b-49d0-871f-b13c35ba5121
Steven,Clark,1acaf34a-3e87-4d80-bc5e-c5ed56bf83fd
Myra,Watson,c9af6ccf-5cae-4323-8b04-8074fbccdbdb
Adrianna,Brooks,1462e54f-5a89-4fc9-bab0-3853a590d91a
Evelyn,Alexander,ab390a89-f1d5-4b74-8ce0-b5ac74e334a7
Rosie,Baker,6a344bfd-43a9-4eb0-9fd4-e4748c989854
Penelope,Chapman,06cfccda-5a59-4a88-9547-630744913fa2
Dainton,Adams,c9d3df95-ac42-4acc-b621-5565443f6332
Kirsten,Henderson,6817e1b1-9c6d-40fd-9303-af9b1c341075
Michelle,Davis,b5ab63b5-5164-45a3-ac69-fe73d262782b
Agata,Foster,25f16f25-6e62-41f6-8c6a-d2e0cbf2606b
Carlos,Rogers,a4f4f68d-8667-47d9-88e7-66314b7f29f2
Henry,Spencer,d027961e-f772-49ad-935d-332e8c10cea7
Kelvin,Wright,9df1cec5-d3fd-4172-8742-c650833383d6
Garry,Scott,97705b8b-eed4-41ef-b8ff-444978942193
James,Ellis,bbb57c89-7da4-4571-88f5-dee482c24c9a
Julian,Fowler,02018c83-6882-46b1-9357-dff847845d2b
Alfred,Allen,c873e0b6-edaf-4f91-ac74-8c3a9a3c9d18
Henry,Kelley,aee05505-2387-4486-9dee-67a38880d13b
Jasmine,Howard,10bfa894-1513-439c-a17a-f7c11ddf568d
Bruce,Myers,30760058-d3eb-40f6-b972-cb791e2a8d02
Ashton,Stevens,60fd79b9-42f7-422d-b730-a4af8739db7f
Steven,Holmes,829dd231-e0af-4881-8c79-4eb45c85a2fd
Tara,Smith,64935353-a581-4292-81f1-257c6ff4a709
Agata,Douglas,5a309f0d-ee21-4f51-91df-85d23bc8f104
Cherry,Carroll,efc4793e-b18c-4d02-946e-73c2b2e5b975
Mike,Harrison,f4807e3c-085d-431b-ab95-ed1642d0f932
Charlie,Elliott,1437ba49-5dbe-48ee-b71b-39d7040fcac2
Henry,Smith,ec61e201-787a-47f1-844b-50dc9d22b64e
Jessica,Taylor,9a614374-8c82-4e26-ae90-febff1f1081b
Alen,Hunt,1c2b1f97-4c8c-4845-86a5-0c320ad4df89
Adrian,Smith,8740c15b-856c-45ca-b2f7-a0acdfe50109
Harold,Stevens,ade72238-4da5-41b5-9aa0-4495fb3fdf15
Adam,Adams,895ff0ec-982f-4b5f-b8d6-8656f6b2ceb7
Stuart,Walker,49646ba0-33ce-49ad-a3ed-4521e2437307
Arianna,Nelson,49a58cbf-632d-41b0-b862-6d5b51a8380d
Max,Stevens,2bd38476-7563-42f6-9b3a-80b552aa4fbf
Annabella,Harper,ed3fc8f6-a044-4d6d-b3f5-fc13e904aaeb
Ned,Hall,ebdb5913-197b-4482-8cef-e646b2ece1ae
Adison,Craig,4b6bb33c-4094-4421-bf30-cfce886c6bff
Abraham,Dixon,8587619b-1612-4c3c-afe6-af7c01205ad0
Evelyn,Evans,32729ed6-cdac-40de-9160-148683632146
Vivian,Scott,95f427a0-edf1-4683-b9b3-8f3cea7e28a9
John,Morgan,6cbd1f05-8a34-4a52-840b-ecc843dc1c89
Alfred,Howard,b3a2290e-b13d-4215-9479-428b8d4646f9
Brad,Hill,a10864a1-3505-404a-9858-6d74e33b9e5f
Melissa,Foster,d90215f4-5250-4303-98aa-ea1012fa4829
Nicholas,Walker,7ccca301-3ae2-4429-ae73-1768f2984c17
Stuart,Brown,4a6b3d83-d231-4564-87df-be2509d6e4d1
Michelle,Foster,c7fd7751-4e64-43e0-9a1c-3431e021855e
Dominik,Alexander,9bd3d904-d59f-4a85-8f71-e23da3b3a873
Miley,Reed,5df87009-e5f4-4fca-a3fe-2814f71254ae
Jacob,Ross,94892d4f-bd2d-412b-ad6f-d7f091b337d8
Tyler,Thomas,a6825796-79b5-4104-9de6-011b2b6594c7
Oliver,Nelson,85b7aa32-38f2-4e46-8dc8-87fa95945605
Walter,Tucker,b4bf26ae-1aef-4c4a-bf66-57bd9739283d
Ryan,Foster,62a95d07-1330-478e-a04a-34506114ff42
Stella,Clark,5ace10ec-3074-4888-8648-692f48c76616
Julian,Ross,824f1169-95fb-4399-b83b-fcd677b8de72
Carlos,Montgomery,6c4b59f5-5565-4063-b5c0-8794aea285c9
Sydney,Carroll,593defb2-2fe7-47de-81e7-ce7a322dc904
Valeria,Taylor,2886f723-81b3-4808-9f7f-7e0d9e7df49c
Kate,Perkins,c5a7ac10-b13b-43d5-be97-9cacfe42eb1d
Arianna,Cunningham,df4e7269-1591-4312-b325-99f3fbe085fe
Richard,Johnston,053a7c14-9ca8-4a38-9a83-7a9975794278
Albert,Myers,32841b7f-bab3-4518-89dc-430bea89b4fb
Evelyn,Crawford,5df68dd5-ea69-4a4a-bc0b-c1fc3bc47fa8
Tess,Cole,7941132a-9433-4f10-894f-a40e3d661de6
April,Clark,64e1978d-232c-4dfb-8f9c-6bab66549b16
Fiona,Johnson,7bc534d2-3add-497b-8ec2-81c11e9f9bb1
Florrie,Martin,2148fcae-7f1f-4286-9181-6d1391a54fdb
Chester,Evans,530678bd-491b-4a7d-9ede-c439ce9d16b3
Mike,Turner,2056bbcb-2549-4da6-bc47-c34cda4a75a1
Paige,Clark,a2790f6f-3d53-4d79-948b-66bc70a8d0e5
Camila,Warren,e6520d90-d955-419d-8607-f9624ae7683e
Leonardo,Martin,510f6002-6356-415a-b217-3432098c244b
Rafael,Casey,d38b443f-8b83-46dc-9ac7-f05b3f1ad9c2
Maddie,Ferguson,4aaf0560-3727-47d9-9649-a69fa70d55c1
Lydia,Campbell,636ead9b-3715-498e-96c9-5bad1687fa54
Sawyer,Payne,651d233f-d366-4bed-b49d-1d0bf9b14708
Alford,Richards,afff1047-b2d8-488a-86d5-5c488455e710
Alisa,Clark,92e15018-ff21-4287-9b34-ebd1f4ead361
Michael,Reed,ca8419bc-4124-43eb-b973-31c496faf00e
Adison,Morrison,6c45851f-0106-4d65-83e7-7530e8b68f9f
Alen,Douglas,5a4d9bbb-e203-43e8-84b6-1eae70f49515
Rafael,Harrison,b9b9ce1e-a5e5-424c-a80e-4b93b2c48eed
Lana,Bailey,baaa25e6-5b65-43a2-85be-a9df6d3adde3
William,Hamilton,9fe574e9-6cd6-460f-9d5a-ea344ae7b805
Bruce,Owens,b0465151-b13d-4952-a2bb-5f9e7b6d7098
Maya,Perry,fe595144-f03e-4009-a026-5c22b94ad8a5
Andrew,Perry,b8d22f40-96f9-4734-addc-cf81f89beaeb
Kevin,Riley,59b94bd7-3b37-45c4-998c-a97a6322b77e
Ted,Warren,d01b3489-aefe-4956-a19a-7572ebd3caac
Alina,Hamilton,669f86e4-b215-4a87-8b99-2bacd27bc8d0
Natalie,Harris,53051947-cb92-4b4a-9fcc-0fe43fc5534d
Haris,Nelson,38fd1ab8-b803-4a37-b4ff-976aa33c4bf7
Carlos,Carter,c51862d3-b2c8-4247-9b4d-9a55d7da5f8c
Tony,Bailey,775ea22f-c185-4ad7-888e-1e390709e1d3
Edgar,Taylor,e9ed6940-4675-4ef7-92f1-32ec08a0d315
Tiana,Myers,59c066fa-a976-4329-a72d-da706ff736f7
Edgar,Richardson,0c83427f-2b44-4e35-ade8-650dd9a86ec3
Julian,Adams,b2758267-5bb9-4de5-ba7a-ffa9a2e79c57
Kirsten,Thompson,93bf44ff-82af-4968-a351-22ba26a8b91a
Preston,Kelly,11d91d08-5246-442f-a6d6-43985c5ea5e2
Ted,Wright,5a0c9ebe-28d5-4198-b05d-0dfdc6b1431f
Joyce,Davis,7b5d9f09-431d-4dda-a03b-7f63da2862fc
Maximilian,Bailey,18661c04-d085-432f-ad03-9d1775812291
Fiona,Phillips,5fa58b44-c628-488a-8740-a2b8606cefa9
Cadie,Kelly,a416c48f-6b66-4fea-a988-728b721d09f5
Valeria,Turner,8534cb0f-122d-4338-aec4-b6c59c0786a6
Savana,Davis,7209266c-3c5a-448b-ab67-59362de37f61
Nicole,Miller,2aa5cd87-1c18-4857-a5b5-65577135ddef
Abigail,Scott,99c17633-dfe0-4e8f-a395-badfde3c2ce5
Cherry,Phillips,a6326313-eef8-4b5f-b5a5-8f130ff6dbca
Amanda,Wright,840ef52f-e26d-4888-a5c3-25e7ab3bac7f
Deanna,Cunningham,1176ecee-62c8-43b8-81df-a2761ee29f72
Chester,Anderson,06ca9a94-f1cf-463a-b2df-722286be7f58
Connie,Wells,9a3f5a4a-4a16-40dd-9a95-cf1b84319938
Tara,Foster,325b8a2b-d6b8-4c2e-9490-5b37d87c06a0
Spike,Hawkins,943b9799-424e-4240-a7ff-681befec3cca
Rebecca,Nelson,0f67320c-3c48-4cd4-8477-0c6c83a1b715
Abigail,Allen,7847e9aa-8936-4dd0-b27d-f9e7a4684700
Oscar,Foster,6fe16853-2bbc-4512-b2a2-875ba58943ad
John,Nelson,1cda676a-a6ce-4f99-a5cf-56866af55867
Paul,Cole,456f5eb3-8204-4c95-85ed-54a5423b2c6b
Lana,Harrison,db4c6115-01d6-43c2-a449-d6ca42dd4f34
Jenna,,bccd43d8-db74-4203-ad9a-38afe541f5c2
Victoria,Stevens,ff936132-1e2b-4c58-8999-b4b19f1ea971
Harold,Edwards,0f40c5c6-b9b4-489a-8d5d-f6bc9e1ffddf
Reid,Perry,9d8a1109-a38c-466d-bee3-d7e50567af5c
Alan,Warren,c24a5dc6-bfc4-4170-89cd-0f9f0f48641d
Amelia,Harper,1e7a26cb-c91b-4053-bed3-237dc0a338a5
Kirsten,Hamilton,503f921e-c282-40c2-8f5c-f5924a3af549
Dale,Craig,d20c0270-1e7b-4c11-8add-6b2093b7f081
Sarah,Hamilton,c6090f7a-bfdf-4e46-a2d8-4a946be9e9f4
Lydia,Mason,eff8fe3c-f724-4b03-bac0-12eb7bfcb253
Tiana,Baker,69806ed9-35bd-4abe-a780-89d538c377ee
Luke,Morrison,8fd072a5-5a17-4806-8552-c0250cf7dff2
Max,Hamilton,fe6a8ce8-7b20-4e29-852a-76ea6039444f
April,Moore,73d16084-2346-41f1-8b01-774029b393e8
Lilianna,Douglas,f8a9fafc-03d9-4c91-ba75-fd6b8f6e02e8
Evelyn,Nelson,7183793a-73fe-430a-ac61-cfb845496a01
Adelaide,Campbell,dc054145-9f6c-47ee-ac15-ebdc1caa0285
Samantha,Harrison,6ad478df-2213-4380-9084-9d03bb57af36
Ryan,Davis,ac3292b5-5171-4b7c-9141-41ddd782a400
Alford,Moore,8085b4ff-ad29-4695-9485-4f790f416521
Andrew,Howard,2747abf3-3445-4996-ab45-3859ccbf0c2e
Arthur,Riley,a1e5244f-120d-4655-9f8f-ff06165152c2
Brad,Johnston,0e5d5aa7-e24c-4e19-bad6-45d516ba7945
Max,Edwards,028886ac-8faa-4e9b-9ff3-8e3af172a023
Freddie,Payne,78d734e7-1f4b-4730-a8ba-f201659c3994
Mary,Reed,924590e8-a75e-407e-b3dd-98f5bf79cd31
Melissa,Hawkins,966afcf8-e150-43ba-887e-59e7a9780d31
Mike,Hill,c1b1156a-1778-4078-abfa-a9e36fb2005d
Valeria,Murphy,2eca9c0b-6517-4ef1-ab80-97b0698fd52f
Ada,Cameron,bb471579-8e8a-434c-bd76-387f4c4db9bc
Jasmine,Miller,eee17942-ec93-4d18-94b5-4c585b7d408e
Naomi,Hawkins,8e414a5b-3cc5-4448-bac5-0a5575f10ca6
Henry,Warren,153194d2-7e59-4743-80f0-fc818e09f745
Brianna,Elliott,6c1cc8fb-45b3-4e64-8e0d-07ca0eec2e66
Brad,Hamilton,e89b6fdb-cad1-4ebe-9ba4-e33afd7048b5
Brooke,Reed,ce5e5f9a-bc80-4691-a685-f48d059db379
Sofia,Hill,784da96b-a729-4e7a-a919-e96132b41a79
Jack,Andrews,a386d83d-9ed3-427f-bace-2b3384c5d365
Michael,Roberts,37a0ca5c-dbde-4f43-880a-174f3ece366f
,Kelly,a1637195-1c88-45ce-aef9-28c0260e746b
Maximilian,Ryan,6c4abcd5-50fd-49f1-b3f9-ef6cdcd81286
Melanie,Elliott,08ecd472-bb91-4373-9d28-960d596c0cbf
Olivia,Taylor,eeee1b53-6e45-4993-86f1-27daaaa53a35
Alfred,Cunningham,96a53666-4e8c-4f0e-a4f5-7eb9afa965ca
Amy,Cole,56679373-3b61-4b2d-b8b9-d393c92a5a37
April,Scott,3e39526c-b63d-4091-93a5-be7614f27176
Maximilian,Richards,81bda017-7263-4bcf-920f-ffe2564f5d97
Dale,Campbell,d2eddd1c-d811-4b79-be63-4d1dfe047bc5
Adrianna,Richards,154c5214-5421-4f82-a8c0-ec696d662ce8
Sarah,Elliott,8f65cf5b-02d0-4544-afa9-8d4d02387613
Deanna,Cameron,e2b63555-8d8a-45ca-913e-4942f09e25b4
Isabella,,ccde1b5c-f6ec-4a86-9776-a0bfc7378e65
John,Dixon,4f190251-99dc-42a8-8f2a-08ef7f742da5
Lana,Walker,a9cc1123-756f-4d67-b7a5-83c8f3cc43ba
Evelyn,Scott,8f41afe6-8925-41d7-80f5-2fb852660118
Anna,Stevens,7c98e458-f6e5-4f0c-b1f8-5a75b61e8834
Byron,Richardson,ca6a6010-1bf8-4f9e-8312-40210a05e32c
Dexter,Armstrong,ad5ab7e9-6044-424b-9451-4d565698ef4d
Abraham,Walker,45aafe3a-ec41-40a2-acdb-a597766d2af3
Steven,Cunningham,655897ee-097b-4d69-bb9c-2d8e7a2fc0b9
Aston,Kelley,aafd792d-f74c-4d5f-995d-6b06317588a7
Sienna,Barrett,81a8b487-8878-4561-b4db-f9efe7951c8d
Victor,Tucker,4f93ae3d-1d5a-45cc-a30f-9a3bd8edd3dc
Arthur,Hall,d457a4e0-a759-41ae-9847-d66805101936
Emily,Wells,f4b57e93-d361-4494-83ea-631f1d44b3a4
Brad,Davis,3bf338da-6429-4b48-912f-8ab93b31d969
Joyce,Morris,45ccb41f-5259-4642-b50a-c4fd946723df
Lyndon,Andrews,bf3958dd-0bc6-4157-98e8-81f02aac110d
Brooke,Cole,9e8aabba-85c9-47b9-ba8f-02050fe1ff0f
Kevin,Evans,835cf260-b5f4-476c-8f67-405c83c89b80
Elise,Johnston,9ab72613-b051-4a98-aac2-9fe7989a84a0
Maya,Adams,86a525d9-fcad-48a0-a077-35361179db49
Annabella,Payne,b22b67e2-ae9b-4da2-b5b8-dcdf466d4845
Carl,Barnes,4dd6419e-325c-4ada-b3b0-5b0d38dc6669
Ted,Craig,14aafeeb-61c3-479b-919b-503e78efa544
Myra,Elliott,a45e9047-2c97-4c97-8076-f9dbdb53b817
Sofia,Morris,40693b77-9e7e-4598-9e47-3aae3aa08840
Rebecca,Stevens,ebd26baf-0585-4750-adcb-db3e0554ab7c
Stella,Spencer,449e14eb-5977-43f2-9f97-9181e39d2a97
Lucy,Baker,21b1b2bb-1c9f-40db-8fd9-015536212581
Isabella,Kelly,166c587d-8fca-49d5-9517-87572020cb9d
Elian,Foster,0f3f3ac9-c6c5-4df5-8f49-510b70b64215
Freddie,Brooks,369b7317-02b8-47bc-a2b5-18101f1b9eb1